,text,label
0,['இது என்ன இன்று முளைத்த சொல்லலா இல்லை நூற்றாண்டு காலத்திற்கு முன்பு நண்பர்கள் எங்கு குழம்பி நின்றார்களோ அன்று முளைத்த சொல் நான்கு நண்பர்கள் குழம்பி நிற்கும் பொது முதல் ஓல் வரும் அதுதான் மங்கள ஓல். மங்கள ஓல் அது ஒரு தூண்டுகோல் அது நான்கு ஐந்து துணை ஓல்களை உருவாகும். இந்த ஐந்து ஆறு நண்பர்களில் முதலில் ஒருவன் சொல்வான் நான் அவளை நேத்தே போட்டுட்டேன் என்று. எதை பார்த்து காஜூ உண்டாகி இன்னோருத்தவன் சொல்வான் நான் அவளை ஒரு வருஷத்துக்கு முன்னாடியே போட்டுட்டேன் என்று. அதை பார்த்து இன்னோருத்தவன் சொல்வான் நான் அவளை ரெண்டு வருஷத்துக்கு முன்னாடியே போட்டுட்டேன் என்று. யாராவது இவர்கள் சொல்வது பொய் என்று கண்டறிந்துவிட்டால் ஒரு ஓழ்த்துப்பாடலை பாடி அவனை மகிலூட்டுவன். ஓலா ஓலா ஓலா ஓலா ஓலம் அ. நங்கள் எழுதிய பாடல் ஓல் எவ்வளவு நயமாக கையாளப்பட்டு இருக்கிறது என்று கேட்டு தெரிந்து கொள்ளுங்கள். '],[1.]
1,['ஓல் மிகச்சாதாரணமாக வருவது கிடையாது. சில சந்தர்ப்ப சூழ்நிலை கைகொடுக்கும். உதாரணமாக நா நண்பனிடம் காசுக்கேட்டால் ஓல் வரும். நா காசு கேப்பேன் அவன் என் காதை கேப்பான். நான் அதிகபச்சமாக ஐநூறு ரூபாய் கேட்டு இருப்பேன் அவன் அப்பாவுக்கு உடம்பு சரி இல்ல தங்கச்சிக்கு காது கேக்கல அம்மாவுக்கு கண்ணு தெரியல மாமாவுக்கு காலு வெளங்களை காசு இல்லை என்பான். திட்டத்தட்ட மொத குடும்பத்தையும் ஸ்ஓம்பிய மாத்திடுவான். இப்படி அவன் மரண ஓல் போகும்போதெல்லாம் என் காது பாவம். அப்போது எனக்கு நான் எழுதிய கவிதை ஒன்று நியாபகம் வரும் நண்பா ஓ நண்பா என் காது என்ன கூதியா ஓத்து விட்டு போகுறாயே நண்பா ஓ நண்பா காதுகள் பாவம் இல்லையா. '],[1.]
2,['இப்படி வகை துணை இல்லாமல் ஓல் போடும் நண்பனுக்கு துணை பெயர் மிக அதிகம் வாய் ஓல் வெங்கடராமன் பசை ஓல் பரந்தாமன் வெது ஓல் வெண்குடுப்பதி என்ன ஏராளம் எவை அனைத்தும் என்னை சாரும் அதனால் எனக்கு தலை கணம் சற்றும் இருந்தது இல்லை என்பதை இந்த மேடையில் தெளிவு படுத்தி என்னை வாழவைக்கும் ஓளுக்கு எனக்கு மேடை கொடுத்த ஓல் அரங்குக்கு எனது நன்றியை தெரிவித்து கொள்கிறேன். சப்பிசகிரிப் செய்து விடுங்கள் மணியை அமிக்கி விடுங்கள். '],[1.]
3,['இதுல வந்து என்னப்பதி தப்ப பேசுறது இதெல்லாம் வெச்சிகிட்டீங்கனா நான் மதப்பையன் மாதிரி கிடையாது நான் சொல்றதையும் செய்வேன் சொல்லாததையும் செய்வேன் என்கிட்ட எல்லா திறமையம் இருக்கு இதே மாதிரி இந்த ஷீலா கேளடு மூதெய்வி அவ மட்டும் என்ன கைல கிடைச்ச மயிறு அறுத்துருவேன் பாத்துக்க நீ ஒரு பொண்ண உண்ணலாம் எப்படி தான் பெத்தாங்களோ தெரியல கேவலமான பிறவி  இந்த பிறவி மாதிரி நீங்களும் அய்டாதீங்க லவ் பண்ணி எமத்திட ஷீலா அக்கா என்ன என்னக்கு அவங்கள சுத்தமா பிடிக்காது ஷீலா அக்காவ அவுங்க ஒரு கேவலமான கேரக்டர் அதே மாதிரி திவ்யாவும் ஐயோ இன்ஸ்டால யூடூப்ல யாரையும் பாதி பேசமுடியாத நீங்களே சொல்லுங்க யாரு நல்லவங்க சொல்லுங்க நீங்க'],[1.]
4,"['மச்சி பிரசன்னா எப்டி மச்சி, அவன் ஆ தூ, மயிரு குத்தி அவன் மயிரு குத்தி, அவன் ஆ நம்ப முடியது. அவன் ஆ பத்தி பேசுனா வாய் ல அமிலம் ஊத்தி கழுவானும். வாயில இல்ல மச்சி சுத்துல. நா திடுற அவன் ஆ, அவன் ஒரு லூசு குத்தி, தைக்கிள்ளி, ஃப்ளர்ட் நா அவன் ஃப்ளர்ட். அவளோ ஃப்ளர்ட். பொண்ணு ங்க சுத்துல அவன் கேடி. பொண்ணு பொண்ணு, கண்றாவி குதி அவன். கடைசி ல அவன் கேன்சர் ஓ எச்ஐவி ஓ தான் வந்து சாவனும். எச்ஐவி தான் வரணும். அவன் காதலி யாரோ, காதலி லா நம்பதிங்கோ, நா சொல்றேன், அவன் ஆ நம்பி போன சத்தியம் தோல்வி தான். சத்தியம் ஆ சுத்து கிழிச்சிடு விடுவான்.']",[1.]
5,"['வீட்டுல அழகான புது மெத்தை இருந்தும், நெறய பேருக்கு  ஓட்டை விழுந்தா பாய்ல்  ரெஸ்ட் எடுக்க  தான் புடிச்சி இருக்கு. உங்கலுக்கு டைட்டில் ல இருந்தே புரிஞ்சி இருக்கும் நான் என்ன சொல்ல வரேன் னு. புரியாத மக்கு சாம்புரானிங்க தயவு செஞ்சி இந்த வீடியோ பாக்க வேண்டாம் . பொண்ணுங்க வயசு ஆக ஆக நல்ல கும்முனு இருப்பாங்க, அதுனாலயோ என்னமோ பசங்க வண்டியா அந்த பக்கம் ஆ திருப்பிடுறாங்க. கும்முனு இருந்தா மட்டும் போதும் ஆ? வயசு ஆக ஆக உள்ள இருக்க சுபைர் பார்ட்ஸ்  எல்லாம் ரிப்பேர் ஆயிடும். அது தெரியாம பசங்க ஓட்ட வண்டிய ஹை ஸ்பீட் ல ஓட்டணும் னு நெனைச்சா நேராக ஆ விபத்து தா']",[1.]
6,['ரோட்ல நடந்து போகும்போது வழுக்கி விழுந்து விட்டான். யாரும் பார்ப்பதற்கு முன்னாடி இருந்த வேண்டும். இந்த இரண்டு வரைக்கும் நன்றாக ஞாபகம் வைத்துக்கொள்ளுங்கள். வாழ்க்கையில் எந்த கஷ்டம் வந்தாலும் நீங்கள் கம்பீரமாக இருப்பீர்கள். ழஒவ்ட் இல் நடந்து போகும்போது வழுக்கி விழுந்து விட்டோம் என்றால் யாரும் பார்ப்பதற்கு முன்னாடி இருந்து விட்டு விடுவோம். ஏன் ஏனென்றால் அதற்கு நமக்கு அவமானம். வாழ்க்கையில் வழுக்கி விழுந்து விட்டால் எல்லாரும் பார்க்கிற மாதிரி எழுந்திரிக்க வேண்டும். அதுதான் நம் அடையாளம் சொல்லி தட்டி தூக்குவோம் வெற்றியை'],[1.]
7,"['ஆங். நம் ஸஸைஅடி யில் எப்போதுமே ஒரு விஷயம் உண்டு. யாரையாவது மட்டம் தட்டி கொண்டே இருப்பார்கள். ஒரு சில பேர் நம்முடைய இலக்கியத் உ அதன் முக்கியம் பயணிக்க வேண்டும். அதை தவிர்த்து நாம் இன்னொரு இடத்தில் டழவல் பண்ணும்போது, கண்டிப்பாக நாம் டழக் மாறும். ஆங் நீ ஒரு கம்ழ மனாக வேண்டும் என்றால், உன்னுடைய உன்னுடைய பொவ்கஸ் ஃபுல் ஸ்க்ழின் கம்ழமன் கம்ழமன். அதை நோக்கி தான் போ, அதை தாண்டி கொஞ்சம் செதறுனா கூட நம்மளை பார்ப்பவர்கள் உன்னை கம்ழமன் பார்க்கமாட்டார்கள். ஒரு வெடிங் பட்ஆகழபி தான் பார்ப்பார்கள் இல்லை அந்த மாதிரி தான் பார்ப்பார்கள் ஸொவ் நம் வாழ்க்கையை எதை நோக்கி கொண்டு போகிறோம்? இந்த சமுதாயத்தில் நாம் யாரும் நிரூபிக்க வேண்டும். நம் வாழ்க்கையில் எவ்வளவுக்கு எவ்வளவு கஷ்டப்படுகிறோம் அவ்வளவிற்கு அவ்வளவு நாம் அடுத்த லெவ்ல்க்கு போய்க்கொண்டு இருக்கிறோம். ஸொவ் முயற்சியை மட்டும் போய்விடாதீர்கள்.']",[1.]
8,"[""தான் ஆண்டுகள் தன் வாழ்க்கையிலே கடின உழைப்பை கொட்ட தயாராக இல்லாதவன் வாழ்க்கையில் மேல வரவே முடியாது. அது எந்த துறையா இருந்தா சரிதான். ஸ்டாழ்டிங் மிடிஅ பாலடிக்ஸ் ஸயன்ஸ் டெக்னாலஜி ஏதாவது டென் யிழ்ஜ் கொவ்வ்ழ்ட் பண்ணனும். ஹாழ்ட் வ்ழ்க் பண்ணவேண்டும். எந்த பிரதிபலனை பார்க்காமல் வ்ழ்க் பண்ணவேண்டும். அட போங்கடா ஏற்கனவே நாங்கள் கஷ்டப்பட்டு படித்து வந்திருக்கிறேன். டைடாக இருக்க கூடாது என்று ஒண்ணுமே கிடையாது. ஒரு துவக்கம் என்பது எப்போதுமே டைழடாக இருக்கும். ஸ'க்ஸ்எஸ் மட்ழ் கிடையாது. ஸ'க்ஸ்எஸ் ழிடெய்ல் பண்ணுவது தான் விஷயம். ஒரு வேலைக்கு போவது பெரிய விஷயமே கிடையாது. அடுத்து நாலு பேருக்கு வேலை வாய்ப்பை உருவாக்க வேண்டும் என்ற தவிப்போடு நீங்கள் ஓட வேண்டும் என்பது தான் விஷயம்.""]",[1.]
9,"['பொய் சொல்லாத திருடாத பொறாமை படாத அடுத்தவன் பொருளுக்கு ஆசைப்படாத என்பதுதான் வாழ்க்கையின் முதல் படிப்பு. ஆனால் தேர்வு இந்த கோட்டுக்குள்ள வந்த பிறகு படித்த, பத்து வருடம் உங்களோடு பழகிய நண்பன் நம் பொய் சொல்லும் உங்களுக்கு எப்படி மனசு? நான் படிக்கவே இல்லை என்றால் படிக்கவே இல்ல. டி என்று சொன்னீர்களே, அது எவ்வளவு பெரிய பாவம் இல்லையா? வெற்றி நீங்கள் இப்போது எப்படி நாம் நினைத்துக் கொள்ளவேண்டும்? யாரோ ஒருவனை தோற்கடிப்பதை பெயர் வெற்றி நினைக்கும் கிடையாது. எல்லோருமாக சேர்ந்து ஜெயிப்பது தான் வெற்றி. அடுத்தவனை தோற்கடிப்பது வெற்றி. யாரு ஜெயித்தால் நம்ம ஜெயித்தது தான் சேர்ந்து செய்யுறேன். யாரோ ஒருவரை தேள்கொடுக்கு, ஜெயிக்கிறது என்றால் கஷ்டம், நானே ஜெயிப்பதற்கு படிக்கிறேன் என்று சந்தோஷம் இல்லையா? அவன் தோத்தா தான் நான் ஜெயிப்பேன் என்றால் அவன் என்னுடைய வெற்றி என்பது இன்னொரு னுடைய கட்டுப்பாட்டிற்குள் இருக்கிறது. அப்படி பார்க்கும் போது அதனுடைய தோல்வி வழியாகத்தான் வெற்றியடைய என்று நினைக்காதீர்கள், தயவு செய்து படித்தால் படித்தேன் என்று சொல்லுங்கள், படிக்கவில்லை, படிக்கவில்லை என்று சொல்லுங்கள், நான் படிக்கவில்லை என்று சொன்னால் நீ இதை படி உனக்கு பரீட்சைகள் வேலை வாய்ப்பு இருக்கு என்று சொல்லிக் கொடுக்கிறது. தப்பு இல்லை, அடுத்தவனுக்கு சொல்லிக்கொடுக்கின்றோம், என்னைக்குமே ஜெயிப்பான்.']",[1.]
10,"['நேரம் ஒரு மாயவித்தை நேரம் ஒரு மாயவித்தை. அது காத்து இருக்கின்றபொழுது மெதுவாக நகரும். சோகமாக இருக்கின்றபொழுது நகரவே நகராது. மகிழ்ச்சியாக இருக்கின்ற பொழுது போவதே தெரியாது. பதற்றத்தில் தடுமாறும் நேரம். எண்ணங்களை குறித்தது எண்ணங்கள் சிந்தனைகளை பொறுத்தது. சிந்தனைகள் நாம் படிப்பது, கேட்பது, பார்ப்பது, பழகிய நட்பு இதைப் பொறுத்தது.']",[1.]
11,"['காலிஜ் படிக்கும் போது வேற என்ன பொவ்கஸ் என்ன சொல்லுங்க. எதுக்குமே கவலைப்பட்டதே கிடையாது. ஒரு நாளைக்கு மேல போய் நான் பதினாறு, பதினேழு ழிழ் வச்சிருந்தேன். அது ஜாஸ்தி. ரொம்ப ஜாஸ்தி தான். அது அப்பறம் ஒரு நாள் தோணுச்சு. இப்படியே போன வேலை, வேலை, முடிஞ்சுருச்சு அப்படின்னு சொல்லிட்டு, அப்பறம் நல்லா படிக்கிற பொண்ணுங்க கிட்ட போய் கேட்டு எனக்கு சொல்லிக் கொடுப்பான் போச்சுன்னு சொல்லி கேட்டேன். ராதா ஸுப்ழ் ஸ்ட்ழெய்ன் சொல்லிட்டு என் கூட படிச்சவங்களா இருக்காங்க. எனக்கு எல்லாரும் வேற வேற ஊர்ல ஸெடல் ஆயிட்டாங்க. ஸொவ் இந்த மாதிரி கேட்டு ஸெகன்ட் யிழ் தழ்ட் யிழ் பொழ்த் எல்லாம் இப்படி படிக்க ஆரம்பிச்சேன். டிக்ழி முடிச்சவங்க வேற என்ன பண்றது ஐயயோ முடிய போகுது. அந்த மாதிரி இருக்கும் ஸொவ் இவ்வளவு தான் நம்மளுடைய காலிஜ்~ லைப் ஸொவ் அது இந்த கதைக்குள்ள அந்த அந்த மசுழடி லெவல் எழுதப்பட்டு இருக்குன்றதுனால நம்மளால பயங்கரமா ழிலெய்ட் பண்ணிக்க முடியும். அதிலேயே ழிழ் வச்சேன் ஒரு விஷயம் சொன்னிங்க பாத்தீங்கன்னா ரொம்ப கனெக்ட். அவங்க எல்லாருக்கும் ம்ம்']",[1.]
12,['நிறைய காலிஜ்ல வந்து பசங்கலாம் வந்து மொவ்பல் பொவ்ன் ல வச்சிட்டு போவானுங்க ஸாக்ஸ்ல. ஆனா மாட்டிப்பாங்க அதற்கு ஒரு ஐநூறு ரூபாய் ஃபைன் போட்டு காட்டி வாங்கிடுவாங்க திருப்பி அன்ட் ஏன் இந்த மொவ்பல் பொவ்ன்? இல்லை இந்த டெக்னாலஜி யை ஒரு விரோதியாக பார்க்க வேண்டும். ஏன் வந்து இதை வந்து யுஸ் பண்ணுவதால் அந்த பசங்கள் அழிந்துவிடுவார்கள் நினைக்கிறோம் என்று எனக்கு புரியவில்லை என்றால் வந்து ரொம்ப இ_ஜி இக்ஜம்பல் நான் என்ன தான் எடுத்துக் கொள்கிறேன். என்னுடைய ஶ்ஒவ் வந்து இவ்வளவு பேர் கேட்டார்கள் சிரித்தார்கள். இந்த க்ழஒஃஸ் டாப் இன் த ஶ்ஒவ் வந்து நான் சென்னையில் மட்டும் ழெய்டிஅல் பண்ணிக்கொண்டு இருக்கிறோம். கிட்டத்தட்ட சென்னையில் இருக்குற முப்பத்தைந்து நாற்பது லட்சம் பேர் மட்டும் கேட்குற ஒரு ஶ்ஒவ்வை உலக லெவல் எடுத்துட்டு போனது இல்ல. சீக்கிரமா போயிடுவேன். பெய்ஸ்புக் ல என் கூட இருந்த காலிஜ்~ பசங்கன்னா அப்லொவ்ட் பண்ணாங்க. முதல் வாட்டி அப்லொவ்ட் பண்ண அடுத்த நாளைக்கு வந்து ஆயிரம் பேரு கேட்டுட்டு தான் இதற்கு டு தவ்ஜன்ட் இலெவன் வை திஸ் கொலைவெறி பாட்டுக்கலாம் முன்னாடி எனக்கெல்லாம் ரொம்ப கம்ப்யுட்ழ் மிஸ்டெய்க்ன்னு சொல்லிட்டு ஓடி இருக்கிறது. பேரு போய் எல்லாருடையும் ஆயிரம் பேர் கேட்டாங்க. ஆயிரம் பேர் கேட்டாங்க. நான் போய் சொல்றேன் சாயங்காலம் வந்து இரண்டாயிரம் க்ழஒஃஸ் பண்ணி இருந்தா உனக்கு ஃபஸ்ட் டழக் ல ஒரு கண்ணாடி வாங்கி தருவேன். நான் சாயங்காலம் வந்து பார்க்கும் போது நாற்பத்தி நான்கு ஆறு பேரு கேட்டுருந்தா'],[1.]
13,['ஒரு நிமிஷம் மெல்ல தளிடாதிங்க நான் வந்து டிஃடோக் நடிச்சுட்டு இருக்கேன் உங்க எல்லாருக்கும் தெரியும் சீமான் வந்துச்சு சீமான் வந்த வீடியோ வந்து யூடியூப்ல வந்து லைக் மட்டும் பண்றது இல்ல லைக்கும் கமியதன் வருது கமெண்ட்ல  வந்து  அசிங்க அசிங்கமா வய்யுறது நீ என்னடா இப்படி அப்படினு வய்யுறது ஸ்கூலுக்கு போடான்னு நான் தளபதி ரசிகேன் நான் தமிழன் எல்லாரும் என் வீட்டுக்கு பக்கத்துல இருக்குறவங்க எல்லாரும் சொல்லுவாங்க நீ ஏன்டா இப்படி பேசுற வஞ்சுவாங்கடா அடிச்சுடுவாங்கடே அப்படின்னுடறாங்க அதெல்லாம் ரசிகர்கள் இருக்குறவரைக்கும் ஒன்னும் புடுங்க முடியாதுடா நான் ஓத ஆளு தான் பேசுறேன் ரெண்டு அக்கா பேசுனங்க ஒரு அண்ணா பேசுனங்க எல்லாரும் எல்லாருக்கும் சப்போர்ட் பண்ணாத எல்லாரும் பேசுறாங்க எல்லாரும் அப்படி இருக்காங்க நம்ம இப்படி பேசக்கூடாது பண்ணக்கூடாது தப்பான விஷயம் சொல்லக்கூடாது அப்படினு நினைப்பாங்க செறிங்களா நான் தப்ப சொன்ன கமெண்ட்ல வையாதீங்க அப்படி வஞ்சிங்கான நீக்க தமிழனே இல்ல  '],[1.]
14,"['சீனா பிரம்மாண்டமான அதே சமயம் வினோதமான ஒரு முயற்சியில் இறங்கியிருக்கிறார்கள். ஏன் என்று சொல்லக்கூடிய ஆழ்டபிஶல் இன்டெலஜன்ஸ் அப்பறம் தீனிப் என்ட்ழ் இதை கொண்டு ஒரு பெரிய அணையைக் கட்ட போகிறார்கள். சீனாவில் திருடி பெண்களுடைய ஆதிக்கம் அதிகமாக இருக்கிறது. முக்கியமாக தனியாக கட்டுமானங்கள் எல்லாம் பார்த்தீர்கள் என்றால், தழி டி- ப்ழின்டிங் அதிகமாக பயன்படுத்துகிறார்கள். சும்மா ஐநூற்றி. தொண்ணூறு அடி உயரம் கொண்ட இந்த அணை மஞ்சள் வந்து மேலே கட்டப்படுகிறது. எதற்கு எந்த மனிதர்களையும் பயன்படுத்தப் போவது இல்லையா? லாரிகள் உன் ஆலோசர்கள் எல்லாம் இயந்திரங்கள் உமே ழஒவ்பாட் மூலமாக ஆழ்டபிஶல் இன்டெலஜன்ஸ் மூலமாக கட்டுப்படுத்தி கேட்கப் போகிறார்களா? இப்படி கட்டுவதால் ஹ்யுமன் எழ்ழ்? அப்படி என்கிறதை ஆகாதா? இதன் மூலமாக நிறைய பொருட்களை வந்து மிச்சம் படுத்துகிறார்கள். அது மட்டுமில்லாமல் இந்த அணையை இரண்டே வருடங்களில் இதன் மூலமாக கட்டி முடித்து விடலாம். அப்படி அந்த அணை கட்டி முடித்த உடனே நீர், மின்சாரம் மூலமாக இந்த பகுதியை சுற்றி சுமார் ஐந்து கோடி மக்களுக்கு வந்து மின்சாரம் கொடுப்பதற்கு அவர்கள் ப்லன் பண்ணி இருக்கிறார்கள்.']",[1.]
15,"['னஸ உடைய மஸ் க்யுழிஆஸடி ழஒவ்வ்ழ் கடந்த மே மாதம் ஏழாம் தேதி ஒரு பட்ஆகழபழ் வெளியிட்டது. பொவ்டொவ்வில் செவ்வகமாக கதவு மாதிரியான அந்த அமைப்பு வந்து ஒரு ஹொவ்டெல் மெய். இதன் மூலமாக வேறு ஒரு யுனௌழ்ஸடி நம்ம போவதற்கான ஒரு கதை இங்கே இருக்கிறது. அப்படியென்று இன்ட்ழ்னெடில் வைழல்க அந்த புகைப்படம் வர வைத்து இதை பார்த்தால் மஸாக ஒரு விளக்கம் கொடுத்து இருந்தார்கள். அது அவ்வளவு பெரிய கதை எல்லாம் கிடையாது. அது யாரோ ஶ்உட் பண்ணி அந்த பொவ்டொவ் போட்டு இருக்கிறார்கள். அக்சவலி வித் ஸுப்ழ் ஸென்டமன்ட் இருக்கும். ஹைட் வந்து ஒரு நாற்பத்தைந்து ஸென்டமிட்ழ் கொண்ட ஒரு சின்ன அமைப்பு தான் அது. நில நடுக்கம், இயற்கை சீற்றம் என்று அடிக்கடி செவ்வாய் கிரகத்தில் மாற்றம் ஏற்படக் கூடிய இடம் தான் அது. அப்படி என்பதால் அது இயற்கையாக உண்டாகி இருக்கலாம். இது போல இயற்கையாய் அமைந்த காழ்லின் சமகாலத்தில் அதிகமாக இருக்கிறது. அதனால் இந்த பொவ்டொவ் ஜும் பண்ணி இது வந்து தப்பான செய்தியை பரப்ப வேண்டாம். அப்படி என்று சொல்லியிருக்கிறார்கள்.']",[1.]
16,"['நில வோடைய மண் எடுத்து விஞ்ஞானிகள் அந்த செடி வளர வைத்திருக்கிறார்கள். ஆயிரத்து தொள்ளாயிரத்து அறுபத்தி ஒன்பதில் எழுத்து இரண்டு வரைக்கும் நிறைய அப்லகெயஶன்ஜ் நிலவுக்கு மனிதர்கள் போயிட்டு வந்தார்கள். அப்போது அங்கே இருந்து கொண்டு வந்த கற்கள், பாறைகள், மண் இந்த மாதிரிலாம் இருக்கிறது. கிட்டத்தட்ட முன்னூற்று எண்பத்தி இரண்டு கிலோ இந்த மாதிரி பொருட்களை கொண்டு வந்தார்கள். அந்த பொருட்களை நூற்றி என்பது உலக நாடுகளுக்கு ஶ்எழ் பண்ணி கொடுத்தார்கள். நான்தான் இப்போது சமீபத்தில் என்ன பண்ணினார்கள் என்றால், லொவ்ன் அவொய்ட் அப்படி என்று சொல்லக்கூடிய அந்த நிலவு உடைய மண்ணில் வந்து, இப்போ என்ன செய்தார்கள் என்றால் ஞானி காதல் கட்டுக் காளிபிளவர் பழாகலி என்று சொல்லிவிட்டு அந்த செடிகளுடைய விதைகளைக் போட்டு பார்த்தார்கள். இரண்டே நாட்களில் அது வளர ஆரம்பித்து இருக்கிறது. சுமார் இருபது நாள் வளர்ந்த பிறகு அவரை வளர்ச்சியில் சின்ன பாதிப்பு. சின்ன மாற்றம் இருக்கிறது. அதற்கு பிறகு அதை அறுவடை பண்ணி அதனுடைய ழ்ன னொவ்டஸ் பண்ணி பார்த்தார்கள். ரொம்ப அழுத்தமான எம்ப்லொய்மன்டில் இருக்ககூடிய அதிகமான உப்பு அப்பறம் மெடல் மாதிரியான தன்மை கொண்ட அந்த மண்ணில் வளர்ந்ததால் அந்த செடிகளுக்கு ஸ்ட்ழெஸ் உண்டாகியிருக்கிறது ஆய்வாளர்கள் கண்டுபிடித்தார்கள்.']",[1.]
17,"['ஸம்ஸங். இந்த பேரை சொன்ன உடனே நம்மளும் நிறைய பேருக்கு ஒரு ஸெல் பொவ்ன் கம்பனி தான் ஞாபகத்திற்கு வரும். பட் உண்மை என்னன்னு பார்த்தீர்கள் என்றால், ஸம்ஸங் ஸெல்பொவ்ன் தவிர ஏகப்பட்ட விஷயங்கள் செய்கிறார்கள். நம்ம ஸம்ஸங் வந்து பில்டிங் கன்ஸ்-டழகஶன் பண்ணுகிறார்கள். சாதாரண பில்டிங்ஜ் சொல்லுங்கள். உலகத்திலேயே மிகப்பெரிய டௌழ் ப்ழிஜ்~ கலபொழ்ன்ய இருக்கட்டும், மலேசியாவில் இருக்கிற ட்வின் டௌழ்ஜ் ஆக இருக்கட்டும். இரண்டையுமே ஃபில் பண்ணுது. ஸம்ஸங் னோட கன்ஸ்-டழகஶன் பிஜ்னஸ் உலகத்திலேயே இரண்டாவது மிகப்பெரிய ஶ்இப் பில்ட் வந்து ஸம்ஸங் ஸம்ஸங் வந்து டங்க் பிஜ்னஸ் இருக்கிறார்கள். ஸொவ் போரில் நிறைய கன்ட்ழிஜ்~ டங்க் ஸப்லை பண்ணுகிறார்கள். ஸம்ஸங் வந்து னெத்ழ்லன்ட் அப்படி என்று சொல்லப்படுகின்ற ஒரு அம்யுஜ்மன்ட் பாழ்க் வந்து கொரியாவில் நடத்துகிறார்கள். இன்னும் ஹொவ்டெல் மட்டும் தான் பாக்கி இருக்கு என்று நினைத்தீர்கள். அன்ஸழ் வந்து சில அப்படியென்று, சொல்லப்படுகின்ற ஒரு லக்ஸ்ழி ஹொவ்டெல் வந்து கொரியாவில் நடத்திக்கொண்டு இருக்கிறார்கள். ஊரில் எவனும் இல்லாமல் எவ்வளவு பெரிய கம்பனி இல்லாமல் நடத்துகிறான். ஆனால் ஒரு யுடுப் சனல் நடத்துவதற்கு நான் படுற அவஸ்த இருக்கிறது ஐயோ, ஐயோ']",[1.]
18,['ஹலொவ் வி வான்ட் நம்மதான் டௌழி அன்ட் ஹலொவ் ம்க் பெழஶ்உட் அப்படி என்று சொன்னேன் என்றால் வ்ழ்ல்ட் புலாக இருக்கின்ற மக்களுக்கு வந்து இந்த ஃப்லைடில் இருந்து குதிக்கும் போது யுஸ் பண்ணுகிற பெழஶ்உட் தான் ஞாபகத்திற்கு வரும். பட் இந்தியாவில் இருக்கிற எல்லோருக்கும் தேங்காய் என்னை ஞாபகத்திற்கு வரும். என்னைக்காவது யோசிச்சி இருக்கிங்களா ஒரு கொவ்கனட் ஒய்ல் கெய்ம் பெழஶ்உட் என்கிற பெயர் இருக்கிறது. ஸொவ் னைன்டின் ஸிக்ஸ்டி யில் இந்த பழன்ட் ஆரம்பிக்கும் போது இதற்கு என்ன பெயர் வைக்கலாம்? குட்டி குட்டியாக ஒய்ல் வந்து இது தான் பழ்ஸ்ட் இந்தியாவில் வரப்போகிறது. கொவ்கனட் ஒய்ல் இருக்கும். அப்போது வந்து இந்தியா வந்து னைன்டின் ஸிக்ஸ்டிஜ்~. இந்த காலகட்டத்தில் இரண்டு போரில் இருந்தார்கள். ஒன்று சைன வோட இன்னொன்று பாகிஸ்தான்உடைய. அப்பொழுது தான் வந்து இந்த பெழஶ்உட் பெழன்ட் ழுபிஜ்~. இந்த வார்த்தை எல்லாம் வந்து புதிதாக நாட்டிற்குள் எல்லா னுஜ் பெய்பழ் யிலும் போய்க்கொண்டு இருந்தது. சரி இந்த பெயர் புதிதாக இருக்கிறது. நாம் உடனே அந்த ஒய்ல் க்கு வைத்துவிடலாம் அப்டின்னு சொல்லிட்டு வைத்து இருக்கிறார்கள். இன்றைக்கு பெழஶ்உட் என்று சொன்னால் பழன்ட் ஞாபகத்திற்கு வருகிறது. பெழஶ்உட் விட இன்னும் நிறைய தெரிந்து கொள்வதற்கு ஸப்ஸ்க்ழைப் பண்ணுங்கள். பாக்ஸஜ்'],[1.]
19,"[""பொன்னியின் செல்வன் ஒட்டுமொத்த தமிழ் உலகமும் பேசுகின்ற ஒரு வார்த்தை எழுதப்பட்ட போது ஸ'க்ஸ்எஸ்பல் டாப். அவ் த டவ்ன் னாக இருந்த ஒரு படைப்பு புண்ணியன் செல்வன் எழுதி முடித்து அடுத்த எழுபது வருடத்திற்கு ஒவ்வொரு வருடமும் அதிகமாக விற்கப்படுகிறது. புத்தகமாக இருக்கின்ற ஒரு மிழகல் வந்து புண்ணியம் சொல்லுவேன். இது உண்மை கதையா? இல்லை ஒரு கற்பனை கதையா? உண்மை சம்பவங்களின் அடிப்படையில் எழுதப்பட்ட ஒரு கற்பனைக் கதை புண்ணியன் செல்வன். கிட்டத்தட்ட இரண்டாயிரம் பக்கங்கள் இருக்கிறது. ஐந்து பாகங்கள் இருக்கிறது. முக்கியமான கதாபாத்திரங்கள் மட்டுமே முப்பத்தி எட்டு இருக்கிறது. துணைக் கதாபாத்திரங்களை அறுபதுக்கு மேல் இருக்கிறது. ஐந்து வால்யும்ஜ் இருக்கக்கூடிய இந்த கதை என்ன? கல்கி என்ற புத்தகத்தில் ஒரு தொடராக ஸ்டாழ்ட் ஆச்சு. அதன் ஆசிரியர் கல்கி கிருஷ்ணமூர்த்தி அவர்கள். ஆங் அதை சொல்வார்கள். கல் அவருடைய மனைவி கல்யாணம் உடைய பெரும் கி. அவருடைய பெயரின் முதல் இரத்தம் சேர்த்து கல்கியின் அவர் புனைப் பெயர் வைத்ததாக சொல்வார்கள். சுதந்திரம் வந்து மூன்று ஆண்டுகள் முழுதாக முடிவதற்குள் பொன்னியின் செல்வன்னு ஒரு புதினம் ஸ்டாழ்ட் ஆகிவிட்டது. வாராவாரம் அதற்காக அந்த புத்தகத்தை மக்கள் வாங்க ஆரம்பித்துவிட்டார்கள்.""]",[1.]
20,['ஆமா வெய்டாக இருக்கும் ஒரு ட்ழாலி எடுத்துக்கொள்ளலாம். அதாவது காசுலாம் அந்த ப்ழி தான். ஆமா ஆமா இது வாங்கிதாமா பெய்ஸ்ட். அதாவது நான் கண்டிப்பாக யுஸ் பண்ணுவேன். எங்க போய்ட்டாங்க. அவங்க தீ காணமே. ஏம்மா க்வெஸ்சன்? பிள்ளை போட்டுறலாமா அதுக்கு ஃப்லிஜ்~ வருது. அத கண்டுபிடிச்சிட்டு ஆரமிக்காத எடமும் உங்களுக்கு போறோம். மங்கமா இருக்கேன் மைன்ட். அடுத்தது நாங்க மன்னிக்கிறேன் ரசிச்ச வேணாமா? அவன் சீக்கிரம் ஆமா இங்க இவங்க போனாங்க. ஸொவ் ஒரே வைப்பாளுங்க ரெண்டு பூர்வ எதுக்கு போயிட்டாங்க. வந்துருவாங்க ஸ்ழ் உன் மாதிரி நாங்க காரிங்க போயிட்டு பார்த்துட்டு வந்தாங்க எவ்வளோ'],[1.]
21,['இந்த விடிஒவ் காழ்டிஒவ் அதாவது ழனிங் ஜாகிங் ஸைகலிங் போன்ற விஷயங்கள் ஏன் இம்பொழ்டன்ட் என்று பார்க்கலாம். காழ்டிஒவ் உங்கள் ஹாழ்ட் க்கு ரொம்பவே முக்கியம். உங்கள் ஹாழ்ட் எப்பவுமே பிடாக வைத்துக் கொள்ளும். எவ்ழிடெய் காழ்டிஒவ் ஹொவ்ல் பாடி வ்ழ்க் பண்ணுவதனால் உங்களை எப்பவுமே என்ழ்ஜெடிக் ஆக வைத்துக்கொள்வோம். காழ்டிஒவ் வெய்ட் லிப்டிங் விட அதிக கல்ழிஜ்~ பான்ட் பண்ணனும் ஸொவ் உங்க வெய்ட் லொஸ் கொவ்ல்ஜ்! நீங்க இன்னும் ஃபஸ்ட் அசிவ் பண்ணலாம். அதுமட்டும் இல்லாமல் உங்கள் மெடபாலிஜம் ஐயும் அதிகமாக வைத்திருப்போம். ஸொவ். அதனால் நீங்கள் இன்னும் அதிக கல்ழிஜ்~ பொவ்ன் பண்ணலாம். வெய்ட் கெய்ன் பண்ண வேண்டும் என்று நினைப்பவர்கள் காழ்டிஒவ் பண்ணுவதினால் நீங்கள் இன்னும் அதிகமாக சாப்பிடலாம்.'],[1.]
22,['சமீபத்தில வெள்ளியிருக்க வலிமை திரைப்படம் அழியன்ஸ் நம்ம மத்தியில இருக்குறத வந்து உறுதி படுத்துறது மட்டும் இல்லாம அவுங்கள நல்லவங்களா சித்தரிச்சுருக்கு எப்படினு கேக்குறீங்களா நீங்க கேக்கல இருந்தாலும் சொல்றேன் வலிமை மூணு எழுது அழியன்ஸ் மூணு எழுது எப்படி டைட்டில்லே ஒரு ஒத்துமை பாருங்களேன் இந்த  மாறினு ஒரு பாட்டு இருக்குல்ல அதுல வர லைன பாத்தீங்கன்னா நாங்க வேறமாரி வேறமாரி என்ன சொல்ல வரைங்க நாங்க வேறமாறி உயிரினம் நாங்க மனிதர்களே இல்ல அப்படினுடராத ஓபன் ஆஹ் சொல்றாங்கா இவுங்க எந்த மாறி ஏலியன்ன க்ஸ் மென் படத்துல ஒரு ப்ளூ கலர் பொம்பள வரும்ல அமனக்கடைய அங்கிட்டும் இங்கட்டும் சுத்திட்டு இருக்கும்ல அந்த பொம்பள மாறி இடத்துக்கு எத மாறி உருவத்தை மாதிப்பாங்க மொதல்ல ஹிப்ஹாப் ஆதி சிவகார்த்திகேயன் இப்போ எகே இவங்கல்லாம் சேந்து எலன் மஸ்க் கூட சேந்து ஒரு நிமிஷம் ஹலோ பைக் சேவை முடிஞ்சுங்களா சூப்பர் இன்னைக்கெய் டெலிவரி அடுத்துகிறேன் ஓகே எங்க விட்டேன்   '],[1.]
23,"['ஃபக்ட் மடழஃஸ் எடுக்கலாமா? வேண்டாமா? அது உடம்புக்கு கெடுதலான இல்லையா? எல்லாவற்றை பற்றியும் தெரிந்து கொள்ள இந்த விடிஒவ் பாருங்கள். பட் பொழடழ் போட்ட உடனே உங்கள் உடம்பு கொழுப்பை கரைக்க ஆரம்பித்துவிட்டது. நீங்கள் ஏற்கனவே ஒரு பக்லாக் வெய்ட் டயட் இல் இருக்கவேண்டும். இது ஜஸ்ட் உங்களுக்கு ஒரு எக்ஸ்ட்ழ புஶ் தான் கொடுக்கும். உங்களுக்கு மொழ் என்ழ்ஜி இருந்தால், நீங்கள் இன்னும் பெட்ழாக யுஸ் பண்ணுவீர்கள். அதனால் இன்னும் பெட்ழாக கல்ழி ழிஸ்பான்ட் பண்ணுவீர்கள். இது உங்கள் வெய்ட் லொங் ஸ்டன்டிங் ஸ்டாழ்டிங் லேயே எடுத்து ஒரு பிரயோஜனமும் இல்லை. எப்போது ரொம்ப கஷ்டமாக தான். அப்போது எடுத்தால் மட்டும் தான் யுஸ் நல்ல கம்பனி பன்டன்ஸி இலிகல் ஸெகஶன்ஜ் எதுவும் இல்லை ஸொவ். அதனால் உங்கள் உடம்பிற்கு கெடுதல்.']",[1.]
24,['உங்கள் உடம்பில் நிறைய கொழுப்பு இருப்பதற்கு காரணம் உங்கள் பமலி ஜனெடிக்ஸ் தான் என்று நம்புகிறீர்களா? உண்மைய தெரிந்துகொள்ள இந்த விடிஒவ் பாருங்கள். இதில் ஓரளவுக்கு உண்மை இருக்கிறது. ஏனென்றால் சில பேருக்கு பாடிஇல் இருக்கின்ற பஶன்ஜ் மற்றவர்களை விட இன்னும் அதிகமாக இருக்கும். இது உங்கள் ஜனெடிக்ஸ் என்றால் தான் அதிகம் பஶன்ஜ் இருந்தால் பாடி இன்னும் இ_ஜிஆக பாழ்ட்ஸ் கௌழ் பண்ண முடியும். ஆனால் னக்ஸல்ஜ் அதிகமாக இருந்தால் ஃபக்ட் குறைக்க முடியாது என்று எதுவுமே இல்லை. அது உங்கள் கையில் தான் இருக்கிறது. பழாபழ் டயட் எக்ஸ்ழஸைஜ் ழுடின் ஃபாலொவ் பண்ணினால் யார் வேண்டும் என்று பெழ் க்லொவ்ஸ் பண்ணலாம். ஒவ்வொரு வெய்டாக இருந்தால் நிறைய ஹெல்த் காம்ப்லகெயஶன்ஜ் வர ஆரம்பித்துவிடும். உங்க வெய்ட் ரஜினி ஆரம்பிக்கும் டிப்ஸ்! ஃபாலொவ் பண்ண ஆரம்பி!'],[1.]
25,"['லெய்டிஜ்~ இந்த விடிஒவ் உங்களுக்கு தான் நான் சொல்வதெல்லாம் கெழ்பல் கவனிங்க. நீங்கள் ஜிம்க்கு போய் வெய்ட் லெஸ் பண்ணீர்கள் என்றால் பாடி பில்ட்ழ்ஜ் மாதிரி பல்கெழிஅ ஆகவே மாட்டீர்கள் நீங்கள் பிஜிகல் இம்ப்ழுவ் பண்ணுங்கள். ஒவ்வ்ழஒல் ஹெல்த் இம்ப்ழுவ் பண்ணுவீர்கள் ஸ்ட்ழெங்க்த் ரொம்பவே இம்ப்ழுவ் பண்ணுவீர்கள் நீங்கள் ழெக்யல்ழாக விதவ்ட் பண்ணுகிறவர்களாக இருந்தீர்களா? எல்லாம் வ்ழ்கவ்ட் பண்ணனும் என்று நினைத்தீர்கள் என்றால் கண்டிப்பாக வெய் ப்ழஒவ்டின், ஸப்லமன்ட்ஸ் எல்லாம் எடுத்துக்கொள்ளலாம். பசங்களுக்கு தான் ப்ழஒவ்டின் தேவை என்று ஓடி அந்த அவசியமும் இல்லை. அதற்கு அப்பறம் அவர்கள் பாடி ரொம்பவே ஸென்ஸடிவ். அது என்ன சொல்லுதோ? எப்பவுமே கேளுங்கள் வெய்ட் வாசம் வெய்ட். கெய்ன்! ரொம்ப ழஶ் பண்ணாதீர்கள் ஸ்லொவாக டைம் எடுத்துக் கொள்ளுங்கள். ஒரு ஹய் ப்ழஒவ்டின் டைழ்ட் க்ழஒவிங் ஸ்கின் கொடுக்கும். பொவ்ன் பழமொவ்ட் பண்ணனும். நாள்பூரா என்ழ்ஜி யும் கொடுக்கும். ஸொவ் சிகன் ஸொவ் சன்ஸ். இந்த மாதிரி விஷயங்கள் எல்லாம் சாப்பிட பயப்படவே பயப்படாதீர்கள். டெய்பல் டொவ்ன்ட் ஸெகன்ட்லி வேலைக்கு. அதற்கு அப்பறம் ஃபாலொவ் பண்ண மறந்துவிடாதீர்கள்.']",[1.]
26,"['இந்த விஷயங்கள் எல்லாம் உங்களுக்கு உடம்புக்கு நல்லது என்று நினைத்து சாப்பிட்டுக் கொண்டிருக்கிறீர்கள் பட். ஆனால் உங்களையே ஏமாற்றிக் கொள்கிறீர்கள். டிட் னாட் பட்ழ் இந்த விஷயத்தை சாப்பிடுவதை நிறுத்துங்கள். உங்களுக்கு நல்லதே கிடையாது. பாதி விஷயத்தில் பாமாயில் மட்டும் தான் இருக்கிறது. னசழல் பினட், பட்ழ் கூட குட் பக்வொழ்ட்ஜ் இல்லை. ராகி முறுக்கு எல்லாம் மற்ற திணை வகைகளில் இருந்து செய்கின்ற. எல்லா நொறுக்குத்தீனி நீங்களும் உடம்புக்கு கெடுதல் மட்டும்தான் நல்லதே கிடையாது. எண்ணையில், வெண்ணையில் போட்டு வறுத்து எடுக்கும் போதே கதை முடிந்தது. கடைசியா நாட்டை சர்க்கரையில் செய்து ஸ்விட்ஸ். சர்க்கரை என்றாலே சர்க்கரை தான்.']",[1.]
27,['திரும்பி பார்க்கலாம். சினிமா அப்பா அய்யா தேடி பாருடா சினிமா பையா தடவி பார்க்கிறார் சினிமா பையன் சரோஜா ஆங் தரிசனம் தரிசனம் வேற லெவல் பாடுகிறீர்கள் நாங்க கேள்வி பட்டோம் நீங்க வந்து அப்பப்ப ஸஸைஅடி தேவையான மெம்ஜ் எல்லாம் போடுவீங்க அப்படின்னு சொல்லி அப்படியா? ஐ டு தட் வாஜ் ஸொவஶல் மின்ஜ் வென் ஜல்லிக்கட்டு வ்ழ்க் வித் எவ்ழிவன் ஹய் இன் யொழ் லிஸ்ட் அவ் மினஸ்ட்ழ்ஜ் வித் யொழ் ஜிஜன் ழிஜன்ஜ் அது நாங்க தான் வன் ஶ்எழ் இஜ் இக்வல் ட வன் விவசாயி அஸைட் அப்படின்னு நிறைய பாழ்மழ்ஜ் நாங்க ஸெய்வ் பண்ணி இருக்கோம். அவங்க பேர் நிறைய பன்ஜ் கலெக்ட் பண்ணிவிட்டு இ_ஜிஆக ஒரு ட்ழைவ் போய் ஒரு வின்டொவ்ஜ் இல் ஹாழ்ட் ஶாபிங் பெஸ்ட் ழிஅகஶன் டௌட் நிறைய பேர் மின்ஜ் போட்டே கிழை காலி பண்ணி இருக்கிறோம். இது எல்லாமே ஒவ்வொரு விஷயத்தையும் நாம் எப்படி பார்க்கிறோம்? அதற்கு எப்படி ழிஸ்பெக்டிவ் அக்ட் பண்ணுகிறோம். அப்படி என்கிறதை பொறுத்து அப்படிதான் ஸ்ழ்.'],[1.]
28,['எக்ஸாம் கு மட்டம் போட்டு ரெண்டு அரியார் மூணு அரியார் வச்சு கடைசில முப்பத்தி நாலு அரியார் வைப்பாங்க ஒரு சிலர். மனச தொட்டு சொல்லுங்க ப்ரெண்ட்ஸ் பாக்குறவங்களுக்கு எல்ல எப்படி தெரியுமா இருக்கும். லைப் நா நமக்கு அக்கறையே இல்ல டீச்சர்ஸ் அப்டிதா நினைப்பாங்க பறேன்த்ஸ் அப்டிதா நினைப்பாங்க. காலை ல எட்டு மணி வரைக்கும் எப்படி தூங்குறா பாரு டி னு அப்பா சொல்வாரு வருக்கு தெரியாது ஒவொரு நாளும் காலைல எதிரிக்கும் பொது இருக்கும் அந்த ஹாங்கோவேர் பைன். இன்னக்கி நைட்டு சரக்குக்கு காசு எப்படி உசார் பண்றது னு தெரியாது. நாட் ஒரு கட்டிங் போடலின காலைல எட்டு மணி வரைக்கும் தூங்க முடியாது அந்த வலி யாராலயும் உணர முடியாது யாராலயும் அத புரிஞ்சிக்க முடியாது. '],[1.]
29,['நா இந்த வீடியோ ல சாதாரண ஆளுங்களுக்கா க பேசலைங்க அரேஞ்ர்ஸ் வச்ச சாமிங்களுக்காக பேசுறேன் என் சாமி னு சொல்றேன் னு தெரியுமா இன்னும் ரெண்டு வருஷம் எப்படியாது பேப்பர் சாஸ் பனி அரியார் ச்லேஅர் பண்ண. அப்போ எடுகேஷன் லோன் நாலு லச்சம் வந்து நிக்கும் அப்போ டிகிரி இருக்கும் ஆனா வேல இருக்காது. ஏன்டா சொத்துக்கு தண்டமா பூமிக்கு பாரமா ஒரு பொறப்பு அப்டினு நீ நினைப்ப அன்னைக்கு நீ சாமியா இரு. ஐ நோ அரேஞ்ர்ஸ் வச்ச எதனோயோ பெரு சாமிய இருக்காங்க. வலியோட சக்தி தெரிஞ்சவனாலதா சீக்கிரம் சாமி ஆகா முடியும் ஆல் தி பெஸ்ட். '],[1.]
30,['சார் மூணு மாசத்துக்கு அப்புறம் தா ந இருப்பது ஒன்னு ஆகாது அப்போ வீட்ல ஒதுக்களானாலும் இழுத்துட்டு ஓடிடுவேன்ல. ரேகிச்டேர் மாற்றியகே பனிடுவேன்ல. இத உங்க கிட்ட தா முதல சொல்றேன் சார். ஆசிர்வாதம் பண்ணுங்க சார். என்கிட்ட தா முதல சொல்றீங்களா சேரி வாழ்த்துக்கள். ஆறுமுகம் உங்க வயசு என்ன. சார் எனக்கு முப்பத்தி நாலு சார் செட்டில் ஆகிட்டேன். வாழ்த்துக்கள் ஆறுமுகம். அப்போ நீக்க லவ் பண்ணும் பொது அந்த பொண்ணுக்கு என்ன ஒரு பதிமூணு வயசு இருக்குமா. சார் எப்படி சார் கண்டுபிடிச்சீங்க அதா நீக்க சொன்னீங்கல எட்டு வருசமா லவ் பண்றேன் னு அப்பா அது குழந்தை இல்லையா. ஆமா சார். அப்போ நீங்க பீடோ பைல் ஆறுமுகம் போக்ஸோர் சாதத்துல கைது பண்றதுக்கான எல்ல மோகந்த்ரமும் இருக்கு உங்க டீடெயில்ஸ் பெண் ஓட எழ அட்ரஸ் உம குடுத்துடீங்க ஈவினிங் குலா கைது செய்யப்படுவீங்க ஆறுமுகம் வாழ்த்துக்கள். '],[1.]
31,['வாழ்க்கைல சொத்து சுகம் பிகுர் இப்படி எதைவேனாலும் சம்பாரிச்சிடலாம். ஆனா சம்பாரிக்க முடியாத சில விஷயம் நா ஒரு சிலது இருக்கு பெத்த தாய் தகப்பன் உடைய பாசம் உண்மையான நண்பனின் நட்பும் சம்பாதிக்கிறது மிக அரிது. அடஹி பத்தி தா நாம இணைக்கு பார்க்க போறோம். வாழ்க்கைக்கு எது முக்கியம் பெட்ரா தாடகாபனே அப்டினு சொல்லி ஒருதரும் இல்ல வாழ்க்கைக்கும் முக்கியம் நண்பனே னு சொல்லி ஒருத்தரும் பேசி. '],[1.]
32,['இந்த பாருங்க எல்லாரும் பொறுமையா லைன்ல வந்து குடுக்கணும் புரியுதா மோதல் ஆளு வாப்பா காதுவக்குல ரெண்டு காதல் சேரி நான் பாத்துக்குறேன் தம்பி இதுல நாம ஸ்டிக்கராஹ பெருசா ஒட்டி ரிலீஸ் பண்ணுங்க நெஸ்ட் நெஸ்ட் டான் நான் பாத்துக்குறேன்போ தம்பி விக்ரம் நடிச்ச படமா விக்ரம் தான் படம் பெற அடுத்த ஆளு வாங்க விடியல் பாவம் அண்ணா அது யூடியூப் வீடியோ யூடியூப் ஆஹ் இருந்த என்ன சினிமாவ இருந்த என்ன எல்லாம் ஒன்னு தான நீ போப்பா நான் பாத்துக்குறேன் நெஸ்ட் நெஸ்ட் நீ என்னப்பா வெளிநாட்டுக்காரன் மாறி இருக்க என்ன படம் அவதார் 2 இது 2 மட்டும் தான இல்ல 3 4 5 லாம் இருக்க இருக்க எல்லாம் கொண்டுவப ஷூட்டிங் முடியலையா அது எல்லாம் அப்பறம் பாத்துக்கலாம் மோதலை குடுத்துடு நான் செய்பா வெச்சுக்குறேன் நீயே கிளம்பு சீகிரம் வாங்கப கைலாம் நம்னமனு இருக்கு  '],[1.]
33,['நிகழ்ச்சிக்கு வந்து ருக்கூம். வணக்கம் உங்க பெரு என்ன. வணக்கம் ஐயா என் பெரு அரவிந்த். நல்ல யூனியூ ஆனா பெரு அரவிந்த். எந்த மாறி ஆனா பெண் வந்து நீக்க டெதிர் பாக்குறீங்க. நல்ல குடும்ப பெண் க ஐயா நல்ல பெண் அ இருந்த ஓகே. நாங்க சின்ன பேமிலி தா நானு எங்க அப்பா அம்மா நல்ல குடும்பத்தை பாத்துகிற மாறி குடும்பத்தை அனுசரிச்சு போற மாறி ஒரு பெண் இருந்த ஓகே. நீங்க ஒரே பயன் இல்லையா அரவிந்த் அம்மா எப்படி பாசமா வச்சு பாதங்களோ அதே மாறி பாசமா இருக்குற ஒரு பெண் பாக்குறீங்க இல்லையா. அதேமாரி பெண் கவர்ன்மெண்ட் வேலைல இருந்த பரவா இல்லை இங்க ஐயா. புரியுது உனகளுக்கும் கொஞ்சம் ஹெல்ப் அ இருக்கும் அவங்க வேலைல இருந்தா. '],[1.]
34,['குடும்பத்தை பத்துக்குற மாறி உங்கள அனுசரிச்சு போற மாறி ஒரு பெண் வந்து ரோஜாபூமாலை நிகழ்ச்சி மூலமா உங்களுக்கு கிடைப்பாங்க. என்ன மாரியான பெண் நீக்க எதிர் பாக்குறீங்க. னால பெண் ஆஹ் இருந்த பரவா இல்ல. அரவிந்த் நீக்க வெளிப்படையா சொன்னீங்க நாத நிகழ்ச்சி பாக்குறவங்களுக்கு புரியும். எந்த மாரியான பெண் வந்து எதிர் பாக்குறீங்க. ஐயா னால பெண் உங்க குடும்பத்தை அனுசரிச்சு போற மாறி ஒரு பெண் த நீக்க சொல்லிடீங்க ஏற்கனவே. ஆனா என்ன எதிர் பாக்குறீங்க அரவிந்த் னால பொண்ணா. ஆனா நம மனைவி எப்படி அமையனும் னு சொல்லி நமக்கு சில கற்பனைகள் இருக்கும் அது வந்து எந்த மாறி உங்க எதிர் பார்ப்பு என்ன. '],[1.]
35,['இந்த பதிவு யாருக்குனு பாதிங்கான சத்தான ஆண்ட்டிகுதான் ஆண்ட்டி நான் உங்க சண்டைக்கு எதுக்கும் வரல ஒகேவ நான் என் வெள்ளையுண்டு னு போயிடு இருக்கேன் அவுங்க கமெண்ட் பண்ணங்க சத்தான ஆண்ட்டி குளிக்குறத எட்டி பாக்குறிய கமெண்ட் புன்னகை அதுக்கு தான் நான் பதிலுக்கு சொன்ன குளிக்குறத எட்டி பாக்குறது அவுங்க கழட்டி போட்டா ட்ரெஸ்ஸ்ஸா மோந்து பாக்குறது இதெல்லாம் என்னோட வெல்ல இல்ல நான் டீசென்ட் ஆன பையன் ஆண்ட்டி என்னக்கு புடிச்சு இருந்த ப்ரொபோஸ் பண்ணுவேன் ஒதுக்கீட்ட பாப்பேன் அங்கிள் டேன்சர் நானே விலகிடுவேன் என் மேல எதவது தப்பு இருக்குக எல்லாரும் கல்லை கேட்டவன் இவன் கேட்ட பையன்னு சொல்றிங்க சத்தன ஆண்ட்டி உங்களுக்கு அவ்ளோதான் மரியாதை நீங்க என்னபதி பேசுறது நிறுத்துங்க உங்கள லவ் பண்ண கிடையாது லவ் பண்ணலாம் ஐடியாவும் கிடையாது நீக்க இப்படி பேசுனா நான் லவ் பண்ண ஆரம்பிச்சுருவேன் அப்புறம் உங்களுக்கு மரியாதை இருக்காது \n'],[1.]
36,['எல்லாரும் திருந்தி வாழுங்க நான் லிப்ஸ்டிக் போடறதபதிலாம் கேவலமா பேசுனலாம் நான் போடாம இருக்க மாட்டேன் அது என்னோட விருப்பம் ஆணும் பெண்ணும் செரிசமம்னு சொல்றிங்க அப்புறம் அதுக்கு லிப்ஸ்டிக் போடக்கூடாது நீ பொம்பளைன்னு கமெண்ட் பண்றிங்க என்னோட விருப்பம் நான் லிப்ஸ்டிக் போடுவேன் தலையில பூ வெச்சுப்பேன் பொட்டு வெச்சுப்பேன் எதுனாலும் வெச்சுப்பேன் இது பண்ண கூடாது அது பண்ணக்கூடாது நீ ஒரு மயிரும் புடுங்க முடியாது நீ வேணும்னா கேஸ் போட்டுக்கோ எங்கவேனாலும் கேஸ் போட்டுக்கோ நான் லிப்ஸ்டிக் புசுவென நீக்க என்ன வேணாலும் பன்னிக்கோங்கடா '],[1.]
37,"['வாழ்க்கையில் எல்லாவற்றையும் எளிமையாக எடுத்துக்கொண்டீர்கள் என்றால், எல்லாவற்றையும் சந்திக்க முடியும் என்று எடுத்துக் கொண்டீர்கள் என்றால் வாழ்க்கை எப்போதுமே ஸுப்ழ் ஜெயிக்கிறது மட்டும் தான். ஒரே ஆபஶன், பிரச்சனைகளை வரவேற்கின்ற மனிதன் தான் வாழ்க்கையில் சாதனையாளராக மாறுகிறார்கள். நன்றாக புரிந்து வைத்துகொண்டு, பிரச்சனைகளை வரவேற்கின்ற மனிதன் தான் வாழ்க்கையில் சாதனையாளனாக மாறுகிறான். உண்மையா இல்லையா உங்களுக்கு லங்க்வஜ் பிரச்சனை லங்க்வஜ் வரவேற்று நீங்கள் கற்றுக் கொண்டீர்கள் என்றால் அது பிரச்சனையே இல்லை. பொவ்ஸ்டிங், கன்பொழ்ம் கேட்டால் உங்களுக்கு சில ஸப்ஜிக்ட் அவ் ஆக இருக்கும். அது உங்களோட பிரச்சனை, அதை வரவேற்க கற்றுக்கொண்டீர்கள். படிக்க கற்றுக் கொண்டீர்கள் என்றால் நீங்கள் இ_ஜிஆக, பொவ்ஸ்டிங், போயிட போகிறீர்கள். அடுத்த லெவல் போயிட்டு போகிறீர்கள். இஜிஆக முடிந்துவிடும் பிரச்சனைகளை வரவேற்க கற்றுக் கொள்ளுங்கள்.']",[1.]
38,"['புருஷன புடிக்கல னு தான் உங்கள உறவு வெக்க சம்மந்தம் தெரிவிக்குறாங்க. நாளைக்கு அந்த ஆள போட்டு தள்ளனும் ந உங்கள தான் யூஸ் பண்ணுவாங்க. உங்கள வீரா தீரா சூரன் னு சொல்லி நல்ல உசுப்பேத்துவாங்க. நீங்களும் என்ன நடக்குது னு புரியாம பெரிய ரிஸ்க் ல இன்வோல்வ் ஆய்டுவீங்க. சில அறிவாளிங்க மேட்டர் மட்டும் பண்ணிட்டு அப்படியே அப்ஸ்காண்ட் அய்டலாம் னு பிளான் பண்ணுவாங்க. ஆனா அந்த ஆண்ட்டிகளோட பிளான் எ வேற. உங்களோட முழு ஜாதகமும் அவங்களுக்கு தெரியும், நீங்க எங்கேயும் ஓட முடியாது.']",[0.]
39,"['ஸ்டாப் கமெண்ட்டிங் ஒன் மை லைப். ஐபி யு டூ லிட்டரல்லி. ஓத்தா தேவிடியா கு பொறந்தவனே எவளோ மரியாதையா சொல்லிட்டு இருக்கேன். தமிழ் ல தான ஓக்கணும் வா ஓக்குறேன். உனக்கு என்ன பிரச்சனை. இல்ல எனக்கு புரில ஓத்தா, நானும் எவலோவோ பாத்துட்டு இருக்கேன். எவலோவோ நேரத்துக்கு நீ பண்ற கமெண்ட் கு ல அமைதியா இருக்கேன் ஓத்தா நீ எங்கயோ மூளை ல உட்க்காந்துட்டு ஓத்தா சும்மா நக்கல் புண்டை பண்ணிட்டு இருக்காதா ந. நா பேசுற வார்த்தை ல மட்டும் பேசுறேன் னு நெனைச்சுகாதா, ஓத்தா நேர்ல வந்தன சூத்து கீது ல கிழிச்சு அனுப்பிச்சிடுவேன். என்ன நினைச்சிட்டு இருக்க ஹான்? என்ன எல்லா பொண்ணு இந்த மாறி நீ பண்ற எல்லா கமெண்ட் கு நீ பேசுறதுக்கு எல்லாம் ஓத்தா அமைதியா இருப்பேன் னு நினைச்சிட்டு இருக்கியா? நா அப்படி கெடையாது ஓபிவியஸ்ஆஹ். நோட் ஒன்லி இந்த போன் ஓத்தா, மெசேஜ் மட்டும் இல்ல, லைவ் ல மட்டும் இல்ல, நேர்லயும் வந்து அசிங்க அசிங்க மா கேப்பேன். அசிங்க அசிங்கமா கிழிச்சிடுவேன்.ரோடு நாலு பேரு பாக்குற மாறி அசிங்க படுத்திடுவேன். என்ன யாரையும் எங்க இருக்கீங்க னு கண்டு புடிக்க முடியாது ன்ற அதுப்புல டெஸ்ட் பண்ணிட்டு இருக்கீங்களா எனக்கு. ']",[0.]
40,"['பாக் யு, யு அஷோல். வா வா எங்க இருக்க சொல்லு வரேன். அப்படியே ஓத்தா காண்டொம் ஆஹ் போட்டு தண்ணி புடிச்சி திருப்பி உன் பூல் ல உடுக்கோ. என்ன எப்போ பாரு சும்மா கமெண்ட் பண்ணா. தேரே ஐஸ் எ லிமிட் ஒகே. ஸ்டாப் இட். ஒகே இ அம் ரேஅல்லி சாரி. சோ மச் ஒப்பி பெஒப்லே தேர் லைக் வதோ ரெஸ்பெக்ட்ஸ் மீ எ லோட்.\n']",[0.]
41,['இவர் வந்தாலே லைக்ஸ்லாம் தெரிவிக்கும் டெம்ப்லெய்ட்ஸ் எல்லாம் பறக்கும். \n\nமெஸஜ் ஸ்பெலிங் என்னன்னு சொல்லு ஆக்ஸ்போர்டு இவர் கிட்ட தான் கேட்டு தெரிந்துகொள்வோம்.\n\nஅவன் தன் மலத்தில் ஸ்வாக் கிடைத்தது அப்படிப்பட்ட ஒருத்தர் தான் இன்று நம்மளுடைய நிகழ்ச்சி வந்திருக்கிறார்.\n\nஜி.வி.எம்.ஸி அப்படி! என்று சொல்லி நம்ம சொல்லிருந்தேன் ஜி.வி.எம்.ஸி.கணேஷ் விஸ்வநாதன் ம்ஸி  வணக்கம் ஸொவ் வணக்கம் \nஐயா என்ன எம்.ஸி\n\n\nமாதர்ஷோட் அப்படி என்று எல்லாம் கெய்ட் பண்ணலாமா இல்லை முட்டாள் சுன்னி என்று னாட் லைக் தட் அப்படி பார்த்தாலும்\n\n\nசுன்னி க்கு எஸ் தா நா வரும் இல்லை ஐயா நாம சி போடலாம் நம்ம யார் வந்து கேட்க வேண்டும்?\n\n\nமுட்டாள் சுன்னி டான்ட் லவ் தட் இஜ் அ.\n\nஎம்.ஸி மிம் கிரேட்டர்  கணேஷ் த மிம் கிரேட்டர்  \n\nவந்து நீங்க எனக்கு ஒரு இன்றோ  கொடுத்து ஸ்டார்ட்  பண்ணிங்கன்னா நல்லாயிருக்கும் உங்க ஸ்டைல் எனக்கு ஸொவ் \n\n\nதிஸ் ஐஸ் ஷோ விளக்கு பிடி ஸ்பொன்சர்ட் பை தா தேவிடியா\n\nசாரி கிரல்ஸ் லேடீஸ் வோமேன் லாம் பாத்துட்டு இருகாங்க நா இல்ல சார் நாம பீப் போட்டுக்கலாம் நீக்க அப்டியே திட்டினாலும் பரவா இல்ல. \n\nஅப்டி இருந்தாலும் நா அப்டி பேச மாட்டேன். சோ லேட் இட் பெ திஸ் வாய் திஸ் ஐஸ் எ ஷோ விளக்குப்பிடி வ்திச் ஐஸ் ஸ்பொன்சர்ட் பை சினிமா பய '],[0.]
42,['சார் நீக்க வரத்துக்கு முன்னாடி சொல்ட்டு இருந்தேன் கெட் ரெடி டு பால் இந்த லவ் வித் கெரிஞ்சு. \nஅந்த கெரிஞ்சு நிறது எப்படி பாக்குறாங்கனு தெர்ல பட் யு ஆர் மேக்கிங் திஸ்  அஸ்பெக்ட் ஆப் டால்க்கிங்  டு ஏ வந்து இம்மெர்சிவே கெரிஞ்சு ஆ மாறிடுது பட் உங்க கிரேட்டிவ் மீ ம்ல பாக்கும்போது எனக்கு ஒன்னு தோணுச்சு \nகொஞ்சம் வந்து லைட்  ஏ அண்டர் ரேட் பண்றோமோ னு சொல்ட்டு.\n இ லைக் டு எஸ்பிளான் தட் மீ ம் ஜொனி சீன்ஸ் ஓடி டிக்  போட்டோ ஒன்னு போட்டு அது ரொம்ப பியூட்டி பியுள்ள பழக் அண்ட் வைட் ல போட்டு ஒரு டெஸ்ட் ஒன்னு போட்டு இருந்தீங்க. \nநா வீண்வேன் என்று நினைத்தாயோ இல்ல எஸ். எங்குமே அந்த பீல் இருந்துச்சு ஆக்சுவல் ஆ ரொம்ப ரசிச்சு ஒரு கான்செப்ட் ஒன்னு புடிச்சு அத வந்து டேம்ப்லடே கூட மேர்ஜ் பனி ஒரு பைனல் வுட்புட் ஆ ஒரு மீ ம் ஆ பாக்குறப்போ  \nஒரு ஹார்ட் பிரேக்கிங் னு சோலா கூடாது அது ஒரு ஏலியன் லெவல் ல ஒரு மீ ம் ஒன்னு பனி இருக்கோம் சொல்லி நெனச்சுட்டு இருப்போம் பட் இட் டிட்ய்ண்ட் ஹிட் மோர் தன் பைவ் லைக்  அதுமட்டும் இல்லாம  இப்ப பியஸ்  புக் நால ஏக ஏக ஏக.\n வித் ஆல் டூ \nரெஸ்பெக்ட்  இ டோன்ட் மைண்ட்  சாயிங்  திஸ் பியஸ்  புக் கம்யூனிட்டி  ஸ்டாண்டர்ட் லெவல் ல அது இல்ல னு சொல்லி அத ரிமோவ் பண்டங்க இன்னும் கொஞ்சம் பூஸ்ட் பனி ப்ரோமொடே பனி இருக்கலாமோ\n அப்டி எனக்கு தோணுச்சு இன் கேஸ்  அப்டி நடந்து இருந்தது நா இ வில் பீ  எ கிரேட்டிவ் மீ மர். '],[0.]
43,"['இப்போ இன்ட்ரெஸ்ட்டிங் ஆனா ஒரு டாஸ்க் ஓகே எனக்கு கி வ ம் சி ட ல் எ பிலீஸ்ர் பிளான்டர், வாட் எவர் யு கால் இட் எனக்கு அதெல்ல ஓடையானும் மோதலை \nஇந்த கால் கிராஸ் லைன் போடாதீங்க எடுங்க \nஏன் யு வான கிவ் ஹெட் ம  இ மீன் ஊம்ப போறீங்களா. \nஎனக்கு  அந்த ஆசை இருக்கு பட் இப்ப வேண்டா.\nஇப்போ எனக்கு யுங்க ஜட்டி அத மட்டும் கழட்டி குடுத்தீங்க நா பொது. \nகைஸ் வி ஆர் கிரீட்டிங் ஹிஸ்டரி ஜி.வி.எம்.ஸி சோசியல் எம்.ஸி ஓட ஜட்டி நம்மகிட்ட இருக்கு.\nஏன் போட்டு பாக்கப்போறீங்களா \nஇல்ல சார் நா இத சினிஃ பணவச்சுக்குறேன். \nஜி.வி.எம்.ஸி நா அழகு தா னு இருக்கு எப்போதுமே வந்து சோஃபிஸ்டிகேட் பிரோதெரஸ் வித் க்ரின்ஜ் கிரஷ் டயபர் சினிஃபைங்  அது தா இருக்கு. நாம ஏன் அழுக்கு  பத்தி பேசக்கூடாது நீங்க ஏதாவது வந்து திரட்டி ஆ பண்ணனும் எங்களுக்காக. \nசரி வந்து குனி.\nஆ காண பாடுறீங்களா சி இங்க ஒரு ஜாம் செஷன் போடுங்க லோக்கல் அஹ்ஹ்ஹ ']",[0.]
44,['சமீபமா நெறய ரேபீஸ் லாம் நடக்குது வாட் டூ யு ஸ்டாண்ட் ஆன் தீஸ் இஸ்ஸுஸ் \nசி தாட் இஷ் எ குட் கொஸ்டின் அச்சுஅல் ஆ அந்த எனக்காவுன் எ அப்ளவுட் பண்ணனும். \nவி நௌன் டு தி கோக் தாட் இஷ் எ ஹெரோய்க் மொமெண்ட். \nஆமா சார் பட் அடுத்த நாளே யு போஸ்டேட் சம்திங் அந்த ௨௦௦௦ ரூபா ப்ரா வந்து ௨௦௦ ரூபா தா அந்த பொன்னுலம் ஏன் ரேப்  பண்ணக்கூடாது னு சொல்லி போட்டுஇருந்தீங்க \nசோ அந்த மொமெண்ட் ல உங்களுக்கு சோறு தா தின்கீரையா இல்ல பீ அல்லி தின்கீரய டா பே புண்ட மவனே இந்த பொழப்புக்கு நாலுபேரு பூலை ஊம்பி பொழைக்கலாமே டிவோலோ பயா அப்டினு. \nசி சி \nஅப்டினு சொல்லி உங்களுக்கு வாய்ஸ் ஓவர்  எதுவும் கேக்கலையா சார். \nசி சி இந்த எடத்துல தா நீக்க வந்து புருஞ்சிக்கணும் அஸ் எ மேன் இ ரெஸ்பெக்ட் வோமேன் பட் ப்ரா ஸ்ட்ராப் பாத்தேழாம் இ கெட் போனீர். \nப்ரா இஷ் எ கன்சன். அதுனாலதா அந்த போனுக்கு ஒரு பதிலடி கொடுக்கணும்னு அந்த மீ ம் ஒன்னும் பனோம் ப்ரா ஸ்ட்ராப் போட்டா திஸ் கேர்ள் ஷட்  பீ ரேப்ட் அப்டினு சொல்லி ஒரு மீ ம் ஒன்னு போட்டோம். \nபட் அல்டெர்நேட்டிவ்ல்லி ரேப் கு ஒரு சொலுஷன் வேணும் அப்டின்றது மை ஒப்பீனியன் .\nஓகே சார் அந்த ரேப் கு வந்து என்ன சொலுஷன் ஆ இருக்கலாம் ஜஸ்ட் ஒரு சஜஸன் சொன்னீங்கனா '],[0.]
45,['நரேந்திர மோடியா நீதிபதியா வந்து நரேந்திர மோடிக்கு மூனு ஆயுள் தண்டனை ரெண்டு தூக்கு தண்டனை போடுறமாரி நீதிபதியா வந்து நடி குஜராத் கலவரத்தை விசாரிக்கும் அதிகாரியவ நீதிதுறை அதிகாரியவ நடி சுப்ரீம் கோர்ட் ஜுட்ஜ் ஆய்க்கோ அதுல வேணும்ன்னா நானே வக்கீலா நடிக்குறேன் பரவலா என்னை அணைபோட்டு தூக்கிட்டாலும் பரவல நானே வக்கீலா நடிக்குறேன் அதுல நரேந்திர மோடிக்கு நீ  திருப்பு சொல்ற நான் வாதாடுரேன் நீ தீர்ப்பு சொல்ல நரேந்திர மோடிக்கு மூனு ஆயுள் தண்டனை ரெண்டு தூக்கு தண்டனை நீ தீர்ப்பு சொல்ற நான் உன்னோட கட்சில நாளைக்கே சேர்ரென் வட விஜய் உன் அமைப்புல நாளைக்கே சேர்ரென் விஜய் நாசமபோற நாய் கட்சில சேர்ரென் வட நீ வரமாட்ட நல்ல துட்டையும் வாங்கிட்டு நடிகைய நல்ல தடவிக்கிட்டு எசி ரூம்ல படுத்துக்கிட்டு வாய்யா அருக்குற மாறி படம் ஏன்டா பண்டார பயலே பண்டார பயலே நாற்றம் பிடிச்ச நடிகன் விபச்சாரத்தை பெருக்கின்ற அயோக்கியன் பச்சிளம் பெண்களை சின்ன சின்ன குழந்தைகள் பசங்கள் பிள்ளை வயசுலல்லாம் காதல் காதல் காதல் இல்தகசய்ய உங்க அக்காவ போட்டு செய்ட    '],[0.]
46,"['பட் நன் ஆப் தேம் ஆர் கெய்ய்ஸ் லேட் தே டிஸைட் லிவ் டுகெதர்,\nபிகாஸ் தே நெவெர் கெட் எ பார்ட்னர்.\n நோ மேட்டர் வாட் தெயர் செஸ் வல் ஒரிஇண்டஷன் ஈஸ்.\nபிகாஸ் ஆல் தே காட் ஈஸ் ஷீட் இந்த தி ஹெட். \nஇதுக்கு டெம்ப்ளட்ஸ் கலெக்ட் பண்டு இருக்கேன். \nஇப் ஐ கெட் யணப் இட் வில் பீ ட்ரூத்புல் மீ ம் சீரிஸ். ']",[0.]
47,"['இதுல மாக்ஸிமும் நாம கூட இருக்குற பசங்க எப்படி தெரியுமா நா படிக்கல படிக்கல படிக்கல படிக்கல னு சொல்லி நம்மள வீட் வச்சு ட்ரிப் ஆகி இருக்கும் பொது படிச்சு ஆல் கிளியர் பண்டு போயிட்டே இருப்பாங்க அறிவுசான் திருட்டுப்புண்டைக.\nவீட் குடுக்குற எக்ஸிஸ்டன்ஸ் புக் குடுகுமா கண்டிப்பா கிடையாது அப்டி இருக்கும் பொது ஒரு தக் வீட் 250 னு இருக்கும்போது \nஒரு ஆரியர் காண பீஸ் 300 ரூபீஸ் யாரு முட்டாள்.\nநா உங்க கிட்ட ஒன்னு கேக்குறேன் 3 மணி நேரத்துல ஒருத்தன் அறிவாளி முட்டாள் னு தேர்வு பண்ண முடியுமா \nஇந்த 3 மணி நேர டெஸ்ட் ல 9 எடுத்தவன் அறிவாளி அப்போ 8 எடுத்தவன் அவனை விட அறிவு கம்மி 7 எடுத்தவன் அவனை விட அறிவு கம்மி.\nஅப்போ ரோல் பண்ண ஓசி பிக் கிடைக்காம எக்சாம்க்கே வராதவன்,\nஎக்ஸாம் ஹால் ல வைட்னர் எ ஸ்லிப் பண்ணி ஹை ஆன அந்த நாயி,\n ஹான்ஸ் வச்சுட்டு பாதி அன்சார்  எழுதாம வரானே அந்த நாயி முட்டாள். ']",[0.]
48,['முட்டாள் யாருக சொன்ன இதெல்ல பாக்ட்டுன்னு \nஅக்சுஉவள் அ என்ன பொறுத்தவரைக்கும் யாரு அறிவாளி னு தேர்ந்தெடுக்குறது இல்லைங்க யாருக்கு சுத்துக்கொழுப்பு அதிகம் னு தேர்ந்தெடுக்குறது\nஒதுக்குறேன் க எக்ஸாம் கே வராம எக்ஸாம் கு அரியர் வச்ச அந்த பசங்க 3 ஹவர் ல தங்களுக்கு சூத்துக்கொழுப்பு ஜாஸத்தி அப்டினு புரூப்  பண்ணிட்டாங்க னு ஒதுக்குறேன் \nஆனா லைப் வெறும் 3 ஹவர் இல்லைங்க இதுக்கப்றம் எத்தனையோ வருஷங்கள் இருக்கு \nஅவன் லைப் புல்லா ஓல் படணும் அப்பதா புத்தி வரும் அந்த தாயோலிக்கு \nலைப் ரொம்ப அழகானதுங்க லாஸ்ட் பெஞ்ச் ல உக்காந்து ஹான்ஸ் வச்சுட்டு இருந்தவங்க எத்தனையோ பேரு இன்னைக்கு பெரிய ஹான்ஸ் சபிள்ளையார் ஆகி இருக்காங்க \nஅத  உங்களால மறுக்க முடியுமா மருக்குறவங்கள விட பெரிய முட்டாள் வேற யாரும் இல்லைங்க '],[0.]
49,['ஆமா பெயிலு அரியார் விழுந்துடுச்சு படிச்சு எக்ஸாம் எழுதி அரியார் விழுந்து இருந்தா கூட பரவா இல்ல ஒம்மலே கூதி கொழுப்பு நாலா எக்ஸாம் கே போகாம அரியார் இப்போ என்ன பண்ண போற டெய்லி உம் எக்ஸாம் காலேல ஒரு எக்ஸாம் ஈவினிங் ஒரு எக்ஸாம் அதுலயும் பெயில் இப்போ நியாபகம் வச்சுக்கோ தோல்வி ஒரு வரம் மாறி தோத்து பொதுக்கப்றம் குடுக்குற சரக்கு தா கிக் அதிகம் தோல்வி வர அப்ப அத வச்சு எப்படி கிக் ஏத்தலாம் னு நினைக்குறேன் ல அவன் தா பெரிய ஆளு இங்க ரெண்டே சாய்ஸ் தா பிரிஎண்ட்ஸ் ஒன்னு முதுகை காட்டிட்டு ஓடுறது வாழ்க உன்ன வேரடி வேரடி ரேப் பண்ணும் இன்னோனு நின்னு பேஸ் காட்டி வாயில வாங்குறது உனக்கு புடிச்சாலும் புடிக்கலைனாலும் வாழ்க உன்ன புரட்டி பூட்டு ஓக்கும் டா எப்போ புக்ஸ் அ பெரிசா பாக்குறையோ அப்போ அது உன்ன அடிமை ஆகி உன்ன தோக்கடிச்சு உன்ன அழுச்சிடும் எப்ப அரியார் விழுந்தா மைராச்சு நா ஹை ஆகதா போறேன் கெளம்பிபோரையோ இந்த டிகிரி இல்ல எந்த செர்டிபிகாடே கோர்ஸ் உம் உன்னால தேறமுடியாது. '],[0.]
50,['வெள்கம் டு பிலிப் விமர்சன நிகழ்ச்சி இன்னக்கி நாம பாக்கபோறது ரொம்ப கேவலமான தரிதுரபுடிச்ச பாதிலே சூடாக்குற ஆனா அது கிட்ட நெருங்க முடியாத ஒரு கேரக்டர் பத்தி தா பாக்கபோறோம் இன்னும் சோல போனா ரிலேஷன் ல இருக்குற எல்லா படங்களுமே எப்ப ட நாம ஆளு நம்மள விட்டுட்டு போவா அப்டினு பயத்தோடு சாமானை புடுச்சுடாதே திரியுறதுக்கு காரணமா இருக்குற ஒரு கேரக்டர் கேர்ள் பிரென்ட் ஓடிஏ பெஸ்ட் பிரென்ட் பசங்க பொண்ணுக ரெண்டு பேருமே பண்ணாலும் கேர்ள் பிரென்ட் ஓட பெஸ்ட் பிரென்ட் பயனா இருந்தா சுவாரசியமா இங்கும் ர நால அவைங்களா பத்தி பாக்கலாம். மொத மொத இந்த கருமந்த்ர லவ் அ ஆரமிகுரோமோ அப்போவே அவங்களோட குடும்ப நடத்த பழகிக்கணும் ஏனா நாம கேர்ள் பிரென்ட் கூட ஓடிட்டே தெரியுவாங்க இப்போ வந்த படத்தில்கூட ஆறா னு சொல்லிட்டு நாம உடம்ப சுத்தி ஏதோ தவறு இருக்குனு சொல்லி ஓல ஒத்து இருப்பாங்க இவனும் திட்ட தட்ட நாம ஆளோட ஆரா மாறி தா இவங்களுக்கு தெரியாம எந்த முடிவும் எடுக்க முடியாது. '],[0.]
51,['படத்துக்கு போலாமா னு கேட்டா இந்த படம் நல்லா இல்லனு சொல்வாங்க சேரி படத்துக்கு வென பீச் கு போலாம் அப்டினா இன்னக்கி மல வரமாரி இருக்கு அப்டின்வாங்க சேரி மல வர மாறி இருக்கு வீட்டுல யாரும் இல்ல வரையா னு கேட்ட அம்மாவாசை அணுகி குடக்கூடாது அப்டின்கிறாங்க புண்டாமவனுக அவளுக்கு எப்ப டெட் வரும் னு தெரிஞ்சு வச்சுக்கிட்டு அன்னக்கி தா அவளை வெளியவே விடுறாங்க ஏன்டா இந்த மானக்கேட்ட பொழப்பு ஈதரை பயலுகளா அப்டினு கேக்க தோணும் சேரி தனியா போறனாள தா சாதி பண்றங்கனு சொல்ட்டு அவங்களையும் கூட்டிட்டு போனா அவங்களுக்கும் சேது நாம தா மோய் எழுதணும் கொடுத்த காச திருப்பியா கேட்கமுடியும் அவ கூட படுத்து வென கழுச்சிக்குளம் பிரச்னை என்னனா சாப்பிட கூடுபோனா வாய பாக்குறாங்க னு சொல்ட்டு ஐஸ் கிரீம் சாப்பிட போனா அங்கேயும் வாய வாய பாக்குறாங்க னு சொல்ட்டு அவனுக்கும் வாங்கி கொடுப்போம் அதே மாறி தியேட்டர் கு பொய் முத்தம் குடுக்க போன அங்கேயும் வந்து வாய வாய பாக்குறான் இந்த சந்திக்கூதியை என்னனு சொல்றது. '],[0.]
52,['மொதோலாம் லோவெர்ஸ் கூட ஏதாச்சும் பிரச்னை வந்தா ஒரு ஒரு வாரம் பத்து நாலு பேசாம இருப்பாங்க. ஏன் நா ஒருத்தரு இல்லாம ஒருத்தரு எப்படி காஜுல தவிக்குறாங்கனு உணரத்துக்காகதா அப்பளம் இந்த மாறி கேரக்டர் இல்லனு தா சொல்லணும் அப்டியே இருந்து இருந்தாலும் இவங்களுக்கு லோவெர்ஸ் குலா இருக்க பிரச்னை என்னனு தெரிஞ்சு இருக்காது ஆனா இப்ப டெக்னாலஜி வளர வளர இவங்க என்ன பன்றாங்க இனம் பெருக்கம் பன்னி வாழ்த்துட்டாங்க னு தா சொல்லணும். எப்ப அவங்களுக்கு குல சண்டை வரும் துண்டை போடலாம் னு காத்து இருக்காங்க புண்டமவனுக. அவ வாட்ஸாப்ப் ல சோகமா ஏதாச்சும் ஸ்டேட்டஸ் வச்சுட்டா போதும் நீ ஏன் சோகமா இருக்க நீ சிரிச்ச அழகாகிடும் னு சொல்லி வந்துடுவாங்க பெத்தவங்கள கூட இவளோ பாசமா பாத்து இருக்கமாட்டாங்க அவளோ அன்பு இதே சம்பவம் நேர்ல நடந்துச்சுனா கிறுக்குபுண்டை மாறி வித்த காமிச்சு அவளை சிரிக்க வச்சுடுவாங்க. இந்த கிறுக்குத்தனத்தை பாத்துட்டு ஓரமா போடா சுன்னி அப்டினு சோனா அவளுக வந்துட்டு அவன் எவளோ ஸ்வீட் அத் நடந்துக்குறான் உனக்கு அவன் மேல பொறாமை அப்டினுவாக இந்த கிறுக்குக்கூதி தனத பாத்து நாம பொறாமை வேற படணுமாக்கோம். '],[0.]
53,['ஊம்பு காதலாம் கொடுக்கமுடியாது டாய் லிவ் போடு இருக்கு டா சாரி. ஹலோ ஆல் இது உங்களுக்கு பிடிச்ச ஷோ காலுக்கு நடுவில் அப்டினு உங்க எல்லாருக்கும் தெரிஞ்சு இருக்கும். உங்க காதலை வெளிப்படுத்த நினைச்செங்கணா நா ரெடி அத் இருக்கேன் நிகழ்ச்சி ஓடிஏ முதல் காலர் லிவ் ல இருக்காங்க ஹலோ ஹலோ சார் ஹலோ ஹெலோ ஹலோ உங்க டிவி வால்யூம் அ கமி பண்ணுங்க ஏன் டா புண்டை என்ன லந்து குடுத்துட்டு இருக்கியா டிவி வால்யூம் முட்ட பண்ணுடா பாடு. உங்க பெரு சோனா னால இருக்கும் தங்கராஜ் பேசுறேன் சார் தங்கராஜ் உங்க வாய்ஸ் கேக்கும்போதே நீக்க காதல் இருக்கீங்கன்னு சொல்லி ஐயோ எப்படி சார் கண்டுபிடிசீங்க. பின்னாடி பாக்கிரௌண்ட் எப்படி இருக்கு தங்கராஜ் நல்லா இருக்கு சார் பின்னாடி க்ரீன்மாட்டே செட் போனது அந்த புண்டைக்கி தா. அதுக்கு முன்னாடி நா நிகழ்ச்சிக்கு போறதுக்கு முன்னாடி நா ஒரு இண்ட்ரோ கொடுத்து இருப்பேன் ஒரு கரடி கற்பழிச்சு கா கா அப்டினு சொல்லி அதுனால காதல் ல இருக்குறவங்க மட்டும் தா கால் பண்ணனும் நீங்க லவ் பந்தள அப்டினு சொன்னீங்கன்னா ஓத்தா ஒம்மா அப்டினு சொல்வேன் வீடு புகுந்து வெட்டுவேன் அதுனால நீக்க லவ் பண்ற பொண்ணு பெரு மட்டும் சொன்னீங்கன்னா நல்லா இருக்கும் தங்கராஜ் பூங்குழலி சார் அவளை நா உயிருக்கு உயிரா லவ் பண்றேன் அவளுக்காக நா ஒரு கவிதை கூட எழுதி இருக்கேன் கட் பண்ரா கட் பண்ரா. '],[0.]
54,['ஒன்னும் தெரியாத மண்ணு கூதியே எடப்பாடி பழனி சம்மி முதலமைச்சர இருக்கீங்களே எங்க தளபதிக்கு எல்லாமே தெரியும் அரசியல பத்தி அவர முதலமைச்சர போட்ட உங்களுக்கு என்ன நீக்க போட்ட ஓட்டவிட எங்க தளபதிக்கு எவ்வளவு ஓட்டு இப்போ இளைஞர்கள் எவ்ளோ பேரு தளபதிக்காக உயிர குடுக்க தயார இருக்காங்க உங்களுக்கு இருக்காங்கள எடப்பாடி சுண்ணிக்கு இருக்காடா எங்க தளபதி தங்க தளபதிக்கு இருக்கு ஓத்தலாக தண்ணிய ஒளிச்சிங்க தண்ணி பிரச்சனை வந்துச்சு அப்போ எங்க ஊம்ப போனிங்க விவசாய்த்த ஒளிச்சிங்க அப்போ எங்க ஊம்ப போனிங்க அதெல்லாம் கேக்க மாட்டீங்க சாதாரணம் படம் வந்ததுக்கு அப்புறம் குத்துதே கொடையுதேன எப்படிங்க எங்க தளபதி சொன்னது தான் கரெக்ட் நீக்கலாம் வேஸ்ட்த்தான் ஓகேவ நீக்க தான் முதல் திருடன் ஆட்சில இருக்கவைக்கலாம் முதல் திருடன்   '],[0.]
55,['கட் பண்ரா புண்டாமவன் எடிட் ல போயிடும்ல. சாரி தங்கராஜ் உங்க கால் ல எதோ பிரச்னை னு நினைக்குறேன் அடுத்த தடவ கால் பண்ணுங்க நாம பேசலாம் அப்புறம் உங்களுக்காகவும் உங்க லவர் காகவும் ஒரு வீடியோ போடுறோம் பாத்து என்ஜோய் பண்ணுங்க. எல்லாருக்கும் வணக்கம் நாம சாதி காரங்க லாம் நல்லா இருக்கீங்களா. நா சாதி பத்தி பெருறேன் னு நினைக்காதீங்க நாம ஒன்னு சாதாரண இனம் கிடையாது நாம சாதி ல எவளோ பெருமை இருக்குற நாளந்தா நாம இவளோ பேசுறோம். ஆசியா லே எங்க கட்டு பாட்டுல வச்சுஇருந்தவங்க நாக. ராஜாக்கள் தமிழ்நாட்டுல இருந்தப்போ அதன்பெருக்கு ஊம்பி விட்டுட்டு இருந்தவங்க நாங்க சாதாரண பரம்பரை கிடையாது. இந்த ராஜா பசங்க எல்லாருமே எங்க சுகத்துக்கிட்ட அடிமையா இருந்தவங்க. நாங்களும் சுகத்தை குடுத்துட்டு இருந்தவங்க எங்க கொள்ளுத்தாத்தா வாயிற் வெங்கடேஷு சும்மா இல்ல சல்ட்டு செபாசிலிஸ்ட் உப்பு போடாம தப்பு பண்ணாதே கிடையாது. எங்க தாத்தா பெரியமீசை பிரகாஷு சல்ட்டு சுவீடு ரெண்டும் போடு சுகம் கொடுப்பாரு. '],[0.]
56,['எங்க அப்பா வீர வெண்கொடுக்கு சல்ட்டு சுவீடு லெமன் னு சுகம் கொடுத்தவாறு அப்படிப்பட்ட பெருமையான எனத்துல பொறந்தவங்க நாம அதவாது விட்டு கொடுக்காம இருக்கனும். இந்த நுணுக்கம் கலை பெருமை எல்லாம் நம எனத்துக்கே சொந்தமானது அத நம பெருமையை சொல்லி தா ஆகணும் அத நாக சொல்லிட்டே தா இருப்போம். ப்ரெண்ட்ஸ் இது வந்து நம சொந்தகளுக்காக நம வீடியோ கு லைக் ஏ வரமாட்டிங்குது ஏன்னு தெர்ல இந்த டிக் டொக் காரங்க நம பெருமைய எல்லாம் இந்த உலகத்துக்கு தெரியக்கூடாது னு சொல்லி மொடக்குறான் னு நினைக்குறேன் நம அத முறியடிச்சு காமிக்கும் எல்லா சொந்தகளுக்கும் ஷேர் பண்ணிட்டே இருங்க. ஆங்கிலேயர் எப்படி நம கிட்ட சுகம் போதும் போதும் னு சொல்லி ஓடுனாங்களோ அதே மாறி நம ஓடிஏ விடுறோம் தெறிக்க விடுறோம் ப்ரெண்ட்ஸ். நம ஓம்சு காட்டு படை னு சொல்றது சங்கடமா நினைக்கக்கூடாது நண்பர்களே பெருமையை நினைக்கணும் ஊம்பு கட்டு படையின் சார்பாக நன்றி  சொந்தங்களே. '],[0.]
57,['அடுத்த கலர் எங்க இருந்து பேசுறீங்க. சார் நா பாபு பேசுறேன் சார் நா உங்க பெரிய பேன் சார். நா உங்க கிட்ட ரொம்ப நாலா பேசணும் னு ட்ரை பண்ணிட்டே இருந்தே லைன் ஏ கிடைக்கல எப்டியோ லைன் கிடைச்சுடுச்சு எங்கு என்ன பண்றதுனே தெர்ல சார் ரொம்ப சந்தோசமா இருக்கு சார். இத ஒரு பொண்ணு சொல்லி இருந்த நா ரொம்ப சந்தோச பட்டு இருப்பேன் பாபு நீ என்ன புண்டைக்கு இவளோ ரசிக்குறீங்க எனைய. எனக்கு உங்கள ரொம்ப பிடிக்கும் நா டெய்லி உங்கள டிவி ல பாப்பேன் சார். டாய் உண்மையா சொல்லடா. சார் ஆபத்தான கேட்ட பாட்ட போடுவீங்க. வயசு என்ன ஆகுது பாபு ௨௬ சார் நீக்க பிளாஸ்டிக் சைல்ட் இல்ல உங்க ஹெஅழ்த் ஈசு ஏதாச்சும் இருக்க உங்களுக்கு. ஐ ஆம் வெரி குட் அடல்ட் சார் மழுமுத புண்டை இவளோ பேசுரேலை உனக்கு புடுச்சி பாட்ட டவுன்லோட் பண்ணி போகவேண்டியது தா ந ட மயிறு. இது ஒரு நிகழ்ச்சி ரொம்ப நாலா வெயிட் பண்ணி கூப்டு பாட்ட வேற கேக்குற அறிவு மேரு னு இருக்க இல்லையா ட உனக்கு. உண்மையா சொல்லு உன் வாட்ஸாப்ப் டிபி கருப்பு ரிப்பன் தா ந ஆமா சார். '],[0.]
58,['பலான டாக்டர் பெரிய பிராட் தாயோளி மீம் கிரிஎட்டர் ரெவிஎவ் கு நடுவுல பொம்ம விக்கிறவன் பெரிய கஞ்சா சப்ளையர் ஹெஸ் பிசினஸ் பண்றவன் சாமியார் தமிழ் ராக்கர்ஸ் ஐட்டம் புண்டை சங்கிப்பயன் பார்ன் ஆக்டர் பார்ன்  ஆக்டர் அவங்க அடுச்சங்க ந நம தாங்க மாட்டோம் துணையும் சேது தா. '],[0.]
59,['இந்த வீடியோ வ பாத்துட்டு இருக்கும் போதே கண் கலங்கி இருக்கும் அதுக்குள்ள காலர் வந்தாங்க ஹலோ யாரு பேசுறீங்க. சார் ஏன் பெரு ஹரிஹர சுதன் பிரேம் வளசரவாக்கம் சென்னை சார். ஹரிஹர சுதன் உங்கள கேன சுதன் னு கூப்பிடலாமா. ஓகே சுதன் உங்க வாய்ஸ் ஏ சூப்பர் ஆஹ் இருக்கு உங்க லவ் ஸ்டோரி அ பத்தி சொல்லுங்க. சார் ஐ ஆம் அகைன்ஸ்ட் லவ் சார். அப்போ எதுக்கு நிகழ்ச்சிக்கு கூப்பிடுறீங்க சுதன். பட் ஐ லவ் சம்ஒன் சார் அவங்கள பத்தி பேசலாம் னு தா கால் பன் சார். உங்க காதல் கதை பத்தி கேக்க குரியஸ் அ இருக்கேன் சொல்லுங்க. நா ஒரு போனோட அப்பனா பேசுறேன் சார் ஒரு குழந்தையை பெத்து வளக்குறது எவளோ கஷ்டம் னு தெரியும். நம வளத்தா ௨௫ வயசுல எவனோ ஒரு பரதேசி வந்து தட்டிட்டு போயிடுறேன் சார். '],[0.]
60,['வணக்கம் ஆண்கள் ஆண்கள் எல்லாரும் சம்பாரிக்காம இருக்கலாம் ஆனா எல்லோரு கைகளிலும் கம்பு இருக்கும் அறம் செய்ய அஞ்சாதவங்க ஆண்கள் மொல செய்ய துணிந்தவர்கள் ஆண்கள். ஆண்களுக்கு ஏழாம் இருக்கிற ஒரே பயம் தா இறந்த பிறகு தன ஆளை எவன் போடுவான் என்றுதான். முறைத்த பேனை துரத்தி பிடிப்பவர்கள் ஆண்கள். விடாமல் ஒம்மலே ஆசிட் அடிப்பவர்களும் ஆண்கள். அளவுக்கு அதிகமாக அன்பு செலுத்துபவர்கள் ஆண்கள் அனாவசியமாக ரேப் செய்பவர்கள் இல்லை ஆண்கள். தேவை பாடல் எம்பட்டி பஸ் இல் தொடையில் காய் வைப்பாரும் ஆண்கள். இருட்டில் பயம் அறியா இருப்பவர்கள் ஆண்கள். ஒருவனுக்கு பெண் தோழிகளை விட ஆண் தோழர்கள் இருந்தால் அவன் ஆண்களை போடும் காமுகனாகவும் இருக்கலாம். '],[0.]
61,['இந்த நிகழ்ச்சி ஓடிஏ லாஸ்ட் செக்மென்ட் கு வந்து இருக்கோம் யார் அன் லாஸ்ட் அண்ட் லக்கி காலர். சார் நா உங்க கிடையா பேசுறேன் நீங்களா இது சார். ஆமா நீக்க ஏன் கிட்ட தா ஏசிடு இருக்கீங்க ஆனா இவளோ மரியாதையை வேண்டாமே. டேய் அன்கர் கூதி எப்படி இருக்க அதுக்காக இவளோ கொச்சையா பேச வேண்டாம் கொஞ்சம் மரியாதையா பேசுங்க. பெரு ஆறுமுகம் தேனீ மாவட்டம் மாமியார் பெரு நிரஞ்சனா லவ் என்ற பொண்ணு பெரு ஸ்வீஎதா. உங்க லவ் ஸ்டோரி பத்தி சொல்லுங்க. சார் எட்டு வருசமா லவ் பண்றேன் நா கல்யாணம் பண்ண போறேன். எனக்கு ரொம்ப ஆசிரியமா இருக்கு லவ் பண்றவங்க கல்யாணம் பன்னுவாங்கனு. '],[0.]
62,['பஞ்சாயத்தை தேர்பத்துக்காக வந்து இருக்காங்க இந்த அருமை ஆனா நிகழ்வுல மோதலை பெத்தவங்க சைடு ல இருந்து பேசுவதற்காக ஒரு அருமை ஆனா பேச்சாளர். உங்க பெரு என்ன அரவிந்த் ஐயா எந்த ஊரு காடூர் ஐயா காடூர் ல இருந்து வந்துருக்கான் காட்டு வாசி பயன். பேசு டா undefined ஐயா நடுவர் அவர்களே சொல்லுடா சொல்லு ஐயா ஒரு ப்லொவ் ல பெபட விடுங்க ஐயா. நம எப்படி ஐயா இந்த உலகத்துக்கு வந்தோம் க்ஸ் கிரோமோசோம் ய கிரோமோசோம் அந்த கிருமிகளா வந்தோம். அப்டி இல்ல அப்டி இல்ல நா நீ இந்த வியாபாரி படத்துல டூப்ளே இருந்து சத்துணவு சாணி மாறி விழுந்தாயா. '],[0.]
63,['நம்ம அப்பா அம்மா தாக ஐயா. பத்து மாசம் சுமந்து பேதங்கள் அவங்கள பத்தி தா. நூத்துல ஒன்னு சூத்துல ரெண்டும் ர மாறி பேசிட்டாங்க. ஆனா இவனே கடைசி காலத்துல அவங்க அம்மா வுக்கு படுக்க பாய் கூட தரல ஆனா இப்போ அம்மாவை பத்தி பேசி காய் தட்டு வாங்கிட்டான். உங்க அம்மா மேல இருந்து பெருமையை பாத்துட்டு இருப்பாங்க. ஐயா நா இப்ப பேசப்போறது அப்பாவை பத்தி. எங்க அப்பா கூலி வேல செஞ்சு என்ன வலத்தாறு. என்ன கூலி வேல கார்பொரேட் கூலி ஐயா. மாசம் அறுபது அஞ்சாயிரம் தா சம்பளம். '],[0.]
64,['அதே மாதிரி இந்த பொண்ணுங்களம் வந்து கலை நான் உன்ன லவ் பண்றேன்னு சொல்லிட்டு இருந்திங்கனா டென்ஷன் ஆயிடுவேன் ஒரு பொண்ணு கமெண்ட் பன்னிருக்கு சுஜினு ஒரு பொண்ணு தலைவரே நான் உங்கள லவ் பண்றேன் என் புருஷன டைவோர்ஸ் பண்ணிட்டு கல்யாணம் பண்ணிக்குறேன் ஐட்டம் மூதேவி ஐட்டம் உண்ணாக்கு கல்யாணம் ஆயிடுச்சு முதல அத சொல்ல வேண்டியதுதானே தலைவரே நான் உங்கள லவ் பண்றேன்னு சொன்ன உடனே நானும் ஆசைய அப்படிங்கள இன்ஸ்டவுள உடனே மெசஜ் பண்ணிக்கிட்டு இருக்கும் பொது புருஷன டைவோர்ஸ் பண்ணிட்டு கல்யாணம் பண்ணிக்குறேன் குழந்தைய யாரு வழக்குறது நீக்கலாம் பொண்ணா ச்சீ இந்த உலகத்துல யாரையும் நம்பாதிங்க நம்மளோடைய கைகள்ல மட்டும் நம்புங்க யாரையும் நம்பாதிங்க ப்ரண்ட்ஸ்           '],[0.]
65,['கார்பொரேட் கல்ச்சர் ரெண்டு டன் லடோம் அதே தாங்க ஐயா மாசம் அறுபது அஞ்சாயிரம் தா ஐயா சம்பளம் சம்பளம் கிடைச்சவுடனே ஷாட் போட ரிசார்ட் போய்டுவாங்க ஐயா ஆனா மூணு நாள் அந்த சம்பளத்தை முடுச்சிட்டு நாங்க இங்க பசியோட இருப்போம் அவரு எங்களுக்கு பண்ட்ரி ல இருந்து பிரட் பிசகுட் ஜாம் லாம் திருடிட்டுவந்து எங்களுக்கு பசி ஆத்துவாரு எங்க அப்பா அந்த தெய்வம் தா ஐயா எங்களுக்கு முக்கியம். இந்த பரதேசி பயண பெத்தவன் பேச ஒரு தனி தைரியம் வேணும். அப்படிப்பட்ட தைரியம் இவரு கிட்ட இருக்கு. '],[0.]
66,['என்ன பாதுகா ஒரு பொண்ணு வேணுமா இல்லையா இந்த நிகழ்ச்சியை குடும்பத்தோடு பாத்துட்டு இருப்பாங்க. அதுமட்டும் இல்ல நா கொஞ்சம் கோவக்காரன் சிரிச்சிட்டே தா இருப்பேன் ஆனா போடா கிறுக்கு புனை னு திட்டிடுவேன். அதுனால உங்க எதிர்பார்ப்பு என்ன அத மட்டும் சொல்லுங்க. மஹாலக்ஷ்மி மாறி ஒரு பொண்ணு வேணும் இப்பதா ரோஜாபூமாலை நிகழ்ச்சிக்கு எதை மாறி பேசி இருக்கீங்க. டிக் டொக் பண்ற மாறி மஹாலக்ஷ்மி சார் காஸ்ஸ்டவ்மர் பாத ரிஜெக்ட் ஏ பண்ணக்கூடாது. இது எந்த நிகழ்ச்சி னு தெரியுமா டா ரோஜாபூமாலை டா காஜுமாலை கிடையாது ட கொம்மாள. '],[0.]
67,['இவங்க பெத்தவங்க பெத்தவங்க னு சொல்றாங்களே நண்பன் இல்லாம இருக்க முடியுமா ஐயா தளபதி படத்துல ஸ்ரீ வித்யா பெத்தவங்கள பூட்ஸ் வண்டியில போட்டுடுவாயா. ஆனா நண்பன் கூட இருந்து பாத்துக்குவான் வந்தாயா நண்பன். பெரு என்ன டா ஏன் பெரு முழுவிந். எவன் பேரே விவகாரம் இருக்கு பேசுற கன்டென்ட் மட்டும் எனக்கு தெரியாது னு நினைக்காதீங்க. இந்த மாறி கன்டென்ட் ஐ பேசமுடியாமல் பேசும் இந்த தற்குறிப்பயலை வீனா போகவேண்டிய விந்தை உருவாக்கி அதை நண்பன் னு சொல்லிட்டு இருக்கான். '],[0.]
68,['இப்படி கண்ட கண்ட பாடலை அட்வைஸ் பண்ணாலும் கடைசி வரைக்கும் தோல் கொடுத்து நிபந்தய நண்பன் நா ஏன் நண்பன் த போலாம் னு இருந்தேன் போர்ப்பயே தெரியும் அவன் பேப்பர் நிறையா கன்டென்ட் கொடுத்து அனுப்புவான் ஐயா. நம ஒரு பொண்ண லவ் பண்ணா அப்பா திட்டுவாங்க அம்மா செருப்பால அடிப்பாங்க இவளோ ஏன் அந்த பொன்னே நம்மள விட்டுட்டு போகும் நா இருக்கேன் டா னு சொல்லி கடைசி வரைக்கும் நிக்கிறானே வந்தா ஐயா நண்பன். நண்பனை குனியவச்சு சுகம் பாக்கலாம் னு நினைக்குற நண்பர்களுக்கு என் மனமார்ந்த நன்றிகள். '],[0.]
69,['நாம் அனைவரும் வாழ்த்த பிறந்தவர்கள் வாழ்க்கையை வள அல்ல வாழ்த்த அதுமட்டும் அல்ல ஓழ்த்தவும் தான். ஆழ்த்தும் நம் பாரம்பரியத்தின் அங்கம் தானே அதை பத்தி பேச குழம்பி இருக்கிறது இந்த கூட்டம். ஓல் இந்த சொல் இந்த நூற்றாண்டில் சொல் என்று சொன்னால் உங்களால் நம்பமுடிகிறதா நம்புங்கள் எதை மேலோட்டமாக பார்த்தால் கலவி என்று பொருள் தரும் கொச்சை ஆனா சொல் என்று கேக்கலாம். கொஞ்சம் தர்க்கரீதியாக யோசித்து பாருங்களே பட்ட இலக்கியத்தை எளிய மக்களிடம் கொண்டு சேர்க்கும் ஒரு எழுத்தாளரின் கடைசி மூச்சில் ஒரு ஒற்றை வரி சொல் தான் இந்த ஓல். '],[0.]
